0,0.49383,0,0.49383,0.67901,0.83951,0.98765,0.024691,0.024691,0.50617,0.51852,0.49383,0.2716,36
0.49811,0.23019,0.83774,0.23019,0.018868,0.23019,0.022642,0.026415,0.026415,0.43396,0,0.23019,0.57736,15
0.3239,0.35535,0.44025,0.35535,0.28931,0.081761,0.056604,0.13836,0.13836,0.0031447,0.21069,0.35535,1,22
0.35461,0.50355,0.54255,0.50355,0.23759,0.053191,0.046099,0.17021,0.17021,0.0035461,0.13121,0.50355,0.98936,22
0.80851,1,0.71277,1,0.30851,0.57447,0.30851,0.30851,0.30851,0.57447,0.40426,1,1,46
1,0.51163,1,0.51163,0,0.65116,0,0.23256,0.23256,0,0.39535,0.51163,0.65116,37
0,0,0,0,0.78333,0.63333,1,1,1,0.63333,0.45,0,0.26667,6
0.36546,0.249,0.67068,0.249,0.85141,0.11245,0.6747,1,1,0.68675,0.79518,0.249,0.28112,25
0.49243,0.16448,0.66297,0.16448,0.18769,0.56105,0.39758,0,0,0.69425,0.53885,0.16448,0.66297,12
0.8,0.47576,0.88485,0.47576,0.21515,0.57879,0.20303,0.38788,0.38788,0,0.20606,0.47576,0.86667,37
0.86895,0.66097,0.82051,0.66097,0.36467,0.66952,0.33048,0.51282,0.51282,0,0.20228,0.66097,0.8433,40
0.43493,0.56507,0.5411,0.56507,0.17466,0.24315,0.11986,0.27397,0.27397,0.18836,0.30479,0.56507,1,22
0.5109,0.56698,0.78816,0.56698,0.33645,0.50779,0.35826,0.37383,0.37383,0.3676,0.50156,0.56698,0.91277,3
0.34351,0.8626,0.076336,0.8626,0.79008,0.89313,0.96947,0.93893,0.93893,0.80534,1,0.8626,0,27
0.77113,0.46831,0.8838,0.46831,0.12676,0.30986,0.1338,0.11972,0.11972,0.73592,0.32042,0.46831,1,35
0.96444,0.94307,0.93689,0.94307,0.95804,0.96204,1,0.9593,0.9593,0.96124,0.96159,0.94307,0.96296,5
0.26734,0.47541,0.31778,0.47541,0.6633,0.82976,0.98739,0,0,0.48676,0.50567,0.47541,0.52081,36
0.74468,0.69149,0.74468,0.69149,0.69149,0.85106,0.79787,0.59574,0.59574,0.69149,0.6383,0.69149,0.69149,50
0.61962,0.8756,0.59809,0.8756,0.19139,0.66986,0.17464,0,0,0.67464,0.71292,0.8756,0.7177,49
0.88589,0.26426,0.63363,0.26426,0.46246,0,0.087087,0.33634,0.33634,0.1952,0.38138,0.26426,0.6006,42
0.7451,0.5098,1,0.5098,0.51961,0.68627,0.7451,0,0,0.66667,0.66667,0.5098,0.96078,45
0.3423,0.11247,0.45477,0.11247,0.15159,0.56235,0.32763,0,0,0.53545,0.4401,0.11247,0.45477,12
0.36937,0.26182,0.42392,0.26182,0.24,0.31329,0.31329,0.23986,0.23986,0.31329,0.41552,0.26182,0.46294,15
0.039216,0.11765,0.068627,0.11765,0.73529,0.47059,0.76471,0.91176,0.91176,0.39216,0.27451,0.11765,0.098039,38
1,0.18158,0.63294,0.18158,0.62646,0.51362,0.70947,0.46952,0.46952,0.37613,0.19844,0.18158,0.26719,29
0.43984,0.14661,0.59813,0.14661,0.191,0.58937,0.40187,0,0,0.61273,0.55315,0.14661,0.59287,12
0.44444,0.22222,0.55556,0.22222,0.22222,0.66667,0.47222,0,0,0.69444,0.58333,0.22222,0.52778,12
0,0.088608,0,0.088608,0.32911,0.31646,0.56962,0.063291,0.063291,1,0.67089,0.088608,0.063291,9
0.89831,0.62712,1,0.62712,0.35593,0.27119,0.18644,0.59322,0.59322,0.033898,0.10169,0.62712,0.74576,40
0.81818,0.90909,0.86364,0.90909,0.36364,0.090909,0.13636,0.81818,0.81818,0,0.045455,0.90909,0.72727,40
0.027523,0.17431,0,0.17431,0.88073,0.44037,1,1,1,0.49541,0.46789,0.17431,0.11009,6
0.52128,0.90426,0.54255,0.90426,0.21277,0.45745,0.10638,0,0,0.62766,0.57447,0.90426,0.68085,49
1,0.34586,0.92481,0.34586,0.28571,0.37594,0.39098,0.28571,0.28571,0.2782,0.54887,0.34586,0.69925,42
0.11009,0.24771,0,0.24771,0.88073,0.44037,0.90826,1,1,0.66055,0.44954,0.24771,0.027523,6
0.085,0.425,0.115,0.425,0.15,0.145,0.185,0.16,0.16,0.11,0.39,0.425,0.07,21
0.68306,0.65574,0.53552,0.65574,0.52459,0.96721,0.3224,0.22951,0.22951,1,0.66667,0.65574,0.61749,26
0.33884,0.29752,0.36364,0.29752,1,0.72727,0.89256,0.8843,0.8843,0.55372,0.33884,0.29752,0.42149,39
0.094118,0.21176,0.41765,0.21176,0.45294,1,0.87059,0.87059,0.87059,0.78235,0.31765,0.21176,0.4,39
0.84277,0.32075,1,0.32075,0.1761,0.1195,0.19497,0.1761,0.1761,0.40881,0.81761,0.32075,0.59748,42
0.89103,0.22436,0.60897,0.22436,0.25,0.32051,0.51923,0.21795,0.21795,0.21795,0.16026,0.22436,0.55769,13
0.076923,0.23718,0.1859,0.23718,0.71154,0.30769,1,0.74359,0.74359,0.50641,0.50641,0.23718,0.10256,38
0.12,0.24,0.072,0.24,0.84,0.416,0.552,0.992,0.992,0.304,0.264,0.24,0.12,38
0.16102,0.14407,0,0.14407,0.65254,0.82203,1,0.5,0.5,0.10169,0.26271,0.14407,0.15254,34
0.12153,0.21875,0.072917,0.21875,0.4375,0.11806,0.24306,0.25,0.25,0.35417,0.29514,0.21875,0.041667,21
0.08427,0.1236,0,0.1236,0.62921,0.44944,1,0.99438,0.99438,0.33146,0.13483,0.1236,0.12921,38
0,0.04386,0.026316,0.04386,0.46491,0.0087719,0.33333,0.86842,0.86842,0.36842,0.39474,0.04386,0.14912,10
0.08,0.2,0,0.2,0.70286,0.27429,0.72571,0.76571,0.76571,0.48,0.31429,0.2,0.04,38
0.92359,0.35548,0.75748,0.35548,0.1794,0.86047,0.43854,0.17276,0.17276,0.38538,0.17608,0.35548,0.93355,19
0.67416,0.34551,0.75843,0.34551,0.10674,0.48876,0.17135,0.13202,0.13202,0.3427,0.25562,0.34551,0.71629,19
0.71513,0.46291,1,0.46291,0.17804,0.40356,0.089021,0.11276,0.11276,0.18991,0.04451,0.46291,0.70623,24
0.73926,0.42025,1,0.42025,0.1135,0.29141,0.092025,0.19325,0.19325,0.17791,0,0.42025,0.66258,24
0.76949,0.39322,1,0.39322,0.057627,0.47458,0.12542,0.11525,0.11525,0.24746,0.013559,0.39322,0.77288,19
0.86667,0.5,1,0.5,0.26667,0.23333,0.033333,0.13333,0.13333,0.73333,0.23333,0.5,1,35
0.40171,0.71795,0.42735,0.71795,0.2906,0.8547,0.19658,0.076923,0.076923,0.46154,0.79487,0.71795,0.68376,49
0.89928,0.46043,1,0.46043,0.20863,0,0.28058,0.14388,0.14388,0.58993,0.36691,0.46043,0.84173,35
0,0.12121,0.19192,0.12121,0.78788,0.47475,0.94949,0.90909,0.90909,0.62626,0.44444,0.12121,0.22222,6
0.64286,0.28571,0.71429,0.28571,0.35714,0.78571,0.64286,0,0,0.92857,0.78571,0.28571,0.71429,45
0.72603,1,0.43836,1,0.78082,0.09589,0.41096,0.9726,0.9726,0.72603,0.35616,1,0.83562,32
0.48276,0.7069,0.67241,0.7069,0.87931,0.41379,1,0.26724,0.26724,0.32759,0.64655,0.7069,0.18966,23
0.80337,0.79213,0.62921,0.79213,0.45506,0.47753,0.20225,0.49438,0.49438,0,0.13483,0.79213,0.69101,40
0.80292,0.75182,0.88321,0.75182,0.54745,0.56204,0.26277,0.62044,0.62044,0.072993,0.11679,0.75182,0.82482,40
0.92369,0.80723,1,0.80723,0.60241,0.54618,0.4498,0.77108,0.77108,0.26506,0.42972,0.80723,0.91968,41
0.76596,0.58936,0.85106,0.58936,0.44894,0.58298,0.31915,0.44681,0.44681,0.32553,0.4,0.58936,0.85106,3
0.048,0,0.12,0,0.073,0.099,0.13,0,0,0.57,0.19,0,0.1,7
0.92462,0.50251,1,0.50251,0.16583,0.12563,0.070352,0.50251,0.50251,0.0050251,0,0.50251,0.94975,37
0.32577,0.10854,0.43431,0.10854,0.23241,0.62004,0.44167,0,0,0.55059,0.55028,0.10854,0.43431,12
0.69277,0.71687,0.63855,0.71687,0.3012,0.59639,0.3494,0.6747,0.6747,0.27711,0.042169,0.71687,0.95783,33
0.91101,0.87302,0.97817,0.87302,0.78075,0.47321,0.7996,0.85516,0.85516,1,0.91766,0.87302,0.74603,5
0.55459,0.58515,0.58079,0.58515,0.37555,0.35808,0.19651,0.62445,0.62445,0.36245,0.34061,0.58515,0.54585,3
0.81967,0.85246,0.88525,0.85246,0.60656,0,0.32787,0.86885,0.86885,0.55738,0.57377,0.85246,0.88525,32
0.68405,0.40491,0.86196,0.40491,0.29755,0.34969,0.12577,0.30982,0.30982,0.006135,0.24233,0.40491,0.83129,37
0.87589,0.30549,1,0.30549,0.31265,0.7136,0.38186,0,0,0.45107,0.37232,0.30549,0.61814,19
0.92708,0.55208,1,0.55208,0.57292,0.66667,0.60417,0,0,0.8125,0.73958,0.55208,0.95833,45
0.37129,0.12376,0.49505,0.12376,0.19802,0.57673,0.3651,0,0,0.59035,0.48886,0.12376,0.49505,12
0.3559,0.14063,0.49653,0.14063,0.3316,0.55035,0.4375,0,0,0.83854,0.70313,0.14063,0.49653,12
0.37937,0.18182,0.43531,0.18182,0.2972,0.81469,0.58916,0,0,0.67657,0.44231,0.18182,0.60315,12
0.96629,0.41011,0.90449,0.41011,0.73596,0.57303,0.44944,0,0,0.61236,0.59551,0.41011,0.56742,45
0.125,0,0,0,0.75,0.5625,0.4375,0.0625,0.0625,0.0625,0.375,0,0,34
0,0,0,0,0.25,0.25,0.5,0,0,0.5,0.5,0,0,9
0,0,0,0,0.5,0.25,0.75,0,0,0.25,0.75,0,0,9
0,0,0,0,0,1,0,0,0,1,0,0,0,2
0,0,0,0,0,0,0,0,0,0,0,0,0,7
0.85413,0.83656,0.84534,0.83656,0.67311,0.49912,0.63972,0.66257,0.66257,0.75044,0.79789,0.83656,0.84183,50
0.57143,0.75714,0.71429,0.75714,0.28571,0.64286,0.42857,0,0,0.85714,0.57143,0.75714,1,49
0,0.15385,0,0.15385,0.42308,0.15385,0.42308,0.15385,0.15385,0.038462,0.15385,0.15385,0.15385,7
0.02439,0.02439,0.02439,0.02439,0.02439,0.02439,0.02439,0.04878,0.04878,0,0.02439,0.02439,0.02439,7
0.1,0.5,0.1,0.5,0.8,0.5,0.5,0.1,0.1,1,0.3,0.5,0.3,18
0.5625,0.5625,0.5625,0.5625,0.5625,0.5625,0.5625,0.875,0.875,1,0.5625,0.5625,0.5625,28
0.090909,0.033868,0.13012,0.033868,0.0053476,0.02139,0.02852,0.01426,0.01426,0,0.046346,0.033868,0.16221,7
0.1978,0.72527,0.46154,0.72527,0.16484,0.76923,0.1978,0,0,0.76923,0.48352,0.72527,0.74725,49
0.62,0.62,0.46,0.62,0.38,0.54,0.48,0.02,0.02,0.52,0.22,0.62,0.62,26
0.26506,0.81325,0.64458,0.81325,0.48795,0.60843,0.60241,0.23494,0.23494,0.60241,0.56024,0.81325,0.63253,26
0.13462,0.56731,0.5,0.56731,0.20192,0.41346,0.32692,0,0,0.64423,0.69231,0.56731,0.55769,26
1,0.27273,0.72727,0.27273,0.48485,0.24242,0.090909,0.37374,0.37374,0.29293,0.45455,0.27273,0.53535,42
0.94,0.49,0.8,0.49,0.54,0.7,0.23,0.49,0.49,0.64,0.74,0.49,0.91,3
1,0.42735,0.75214,0.42735,0.44444,0.51282,0.26496,0.42735,0.42735,0.38462,0.4188,0.42735,0.70085,3
0.018519,0.30556,0.064815,0.30556,0.60185,0.2963,0.98148,0.86111,0.86111,0.22222,0.33333,0.30556,0.0092593,38
0.38095,0.38095,0.40476,0.38095,0.61905,0.45714,0.52381,0.95238,0.95238,0.44762,0.7619,0.38095,0.38095,25
0.125,0.50735,0.19118,0.50735,0.52941,0.32353,0.85294,0.65441,0.65441,0.38971,0.29412,0.50735,0.080882,38
0.036697,0.3211,0,0.3211,0.61468,0.34862,0.7156,0.79817,0.79817,0.30275,0.22936,0.3211,0.0091743,38
0.56667,0.25,0.98333,0.25,0,0,0.23,0,0,0.5,0.19667,0.25,0.8,19
0.48743,0.16946,0.6497,0.16946,0.17186,0.55449,0.38982,0,0,0.69222,0.53114,0.16946,0.6497,12
0,0,0,0,0.51636,0.21091,0.48364,0.26909,0.26909,0.12,0.32364,0,0,34
0.12346,0.39506,0.037037,0.39506,0.53086,0.67901,0.82716,0.50617,0.50617,0.79012,0.69136,0.39506,0,18
0.48503,0.16766,0.64671,0.16766,0.17365,0.55689,0.31737,0,0,0.69461,0.49102,0.16766,0.64671,12
0.21092,0.55087,0.24566,0.55087,0.65509,0.40199,0.64516,0.60794,0.60794,0.87345,0.76179,0.55087,0.23325,18
0.125,0.14063,0.10938,0.14063,0.25,0.42187,0.32813,0.15625,0.15625,0.8125,0.3125,0.14063,0.10938,9
0.29687,0.45312,0.25,0.45312,0.57812,0.45312,0.5625,0.53125,0.53125,1,0.5625,0.45312,0.25,18
0.36483,0.12081,0.46678,0.12081,0.19053,0.78777,0.31989,0,0,0.73208,0.4453,0.12081,0.53322,12
0.41222,0.14054,0.57153,0.14054,0.24971,0.94415,0.38819,0,0,0.88052,0.5008,0.14054,0.59236,12
0.37399,0.12402,0.49416,0.12402,0.2166,0.53794,0.37539,0,0,0.80972,0.50495,0.12402,0.48989,12
0.48227,0.9078,0.58156,0.9078,0.28369,0.55319,0.24823,0.13475,0.13475,0.71631,0.7234,0.9078,0.75887,49
1,0.27027,0.87838,0.27027,0.58108,0.54054,0.10811,0.054054,0.054054,0.14865,0.31081,0.27027,0.47297,42
0.097902,0.33566,0.06993,0.33566,0.62238,0.37063,0.88112,1,1,0.4965,0.33566,0.33566,0.18881,38
0.047619,0.25794,0.087302,0.25794,0.30556,0.09127,0.27778,0.32143,0.32143,0.32143,0.15476,0.25794,0,11
0.13596,0.10088,0,0.10088,0.49123,0.4693,0.87719,1,1,0.3114,0.26754,0.10088,0.20175,38
0.33113,0.54305,0.46358,0.54305,0.61589,0.5298,0.40397,0,0,0.61589,0.54305,0.54305,0.68212,26
0,0.48201,0.18705,0.48201,0.31295,0,0.33094,0.34173,0.34173,0.28417,0.28417,0.48201,0.3777,21
0.14015,0.030303,0.087121,0.030303,0.24242,0.18939,0.67045,1,1,0.22348,0.21212,0.030303,0.05303,10
0.093714,0.14057,0.083429,0.14057,0.30286,0.40229,0.50971,0.10286,0.10286,1,0.608,0.14057,0.13829,9
0.85915,0.67606,0.88732,0.67606,0.4507,0.43662,0.26761,0.69014,0.69014,0,0.1831,0.67606,0.80282,40
0.1125,0.125,0.1,0.125,0.3375,0.3625,0.55,0.0625,0.0625,1,0.6375,0.125,0.1375,9
0.62637,0.36264,0.67033,0.36264,0.16484,0.16484,0.076923,0.38462,0.38462,0,0.054945,0.36264,0.51648,24
0.88889,0.77778,0.92593,0.77778,0.62963,0.62963,0.48148,0.77778,0.77778,0,0.40741,0.77778,0.85185,41
0.49602,0.23077,0.83554,0.23077,0.018568,0.23077,0.023873,0.026525,0.026525,0.43501,0,0.23077,0.5756,15
0.95,0.96667,0.98333,0.96667,0.85833,0.53333,0.7,0.96667,0.96667,0.83333,0.825,0.96667,0.98333,5
0.67532,0.81818,0.50649,0.81818,0.71429,0.11688,0.37662,0.77922,0.77922,0.58442,0.35065,0.81818,1,16
0.79348,0.81522,0.84783,0.81522,1,0.71739,0.8587,0.27174,0.27174,0.51087,0.6413,0.81522,0.31522,23
0.75556,1,0.51111,1,0.82222,0.13333,0.48889,0.88889,0.88889,0.73333,0.35556,1,0.86667,32
0.74671,0.96382,0.4852,0.96382,0.8125,0.092105,0.49013,1,1,0.78289,0.35197,0.96382,0.79276,32
0.4375,0.875,0.58333,0.875,0.22917,0.61458,0.38542,0.11458,0.11458,0.72917,0.64583,0.875,0.71875,49
1,0.24779,0.84071,0.24779,0.34513,0.34513,0.079646,0.30973,0.30973,0.21239,0.39823,0.24779,0.62832,42
0.54938,0.76543,0.62963,0.76543,0.16667,0.5679,0.26543,0.19753,0.19753,0.65432,0.57407,0.76543,0.83333,49
1,0.26036,0.92308,0.26036,0.30178,0.30769,0.011834,0.30769,0.30769,0.2071,0.26036,0.26036,0.73964,42
0.23361,0.47541,0.31557,0.47541,1,0.23361,0.78689,0.88934,0.88934,0.68852,0.98361,0.47541,0.17213,25
0.28634,0.37004,0.13216,0.37004,0.81938,0.39648,0.63436,0.79295,0.79295,0.96916,0.71806,0.37004,0.43612,28
0.43307,0.35039,0.27165,0.35039,0.47244,0.35827,0.5,0.47244,0.47244,1,0.32283,0.35039,0.46457,43
0.24231,0.3858,0.16471,0.3858,0.35139,0.58053,0,0.49927,0.49927,0.026354,0.17277,0.3858,0.14056,11
0.49438,0.62921,0.40449,0.62921,0.70225,0.61798,0.77528,0.96629,0.96629,1,0.79775,0.62921,0.47753,28
0.25525,0.41842,0.0937,0.41842,0.58805,0.63489,0.72859,0.70436,0.70436,1,0.71082,0.41842,0.35541,18
0.27451,0.39216,0.078431,0.39216,0.37255,0.29412,0.45098,0.39216,0.39216,1,0.60784,0.39216,0.15686,18
0.49141,0.189,0.64261,0.189,0.20137,0.54296,0.40344,0,0,0.68729,0.55464,0.189,0.64261,12
0.96667,0.7,1,0.7,0.41111,0.14444,0.11111,0.45556,0.45556,0.066667,0.11111,0.7,0.92222,40
0.4931,0.13448,0.57931,0.13448,0.31724,0.12414,0,0.3,0.3,0.26897,0.18966,0.13448,0.65172,15
0.29687,0.45312,0.25,0.45312,0.57812,0.45312,0.5625,0.53125,0.53125,1,0.5625,0.45312,0.25,18
0.40054,0.20699,0.49194,0.20699,0.34409,0.74194,0.53226,0,0,0.79032,0.69355,0.20699,0.55914,12
0.99754,0.99918,0.97459,0.99918,0.96639,0.96885,0.96311,0,0,1,0.96721,0.99918,0.96803,46
0.23659,0.45594,0.2136,0.45594,0.34866,0.23276,0.11015,1,1,0.14655,0.09387,0.45594,0.095785,47
0.39444,0.10556,0.54444,0.10556,0.27778,0.66667,0.48333,0,0,0.83333,0.65,0.10556,0.53333,12
0.64706,0.29412,0.82353,0.29412,0.20588,0.52941,0.23529,0,0,0.52941,0.52941,0.29412,0.82353,35
0.23364,0,0.30841,0,0,0.14019,0.14019,0,0,0.3271,0.14019,0,0.30841,7
0.41053,0.81053,0.47368,0.81053,0.31579,0.73684,0.4,0.042105,0.042105,0.74737,0.78947,0.81053,0.82105,49
1,0.30588,0.95294,0.30588,0.36471,0.51765,0.14118,0.32941,0.32941,0.15294,0.18824,0.30588,0.44706,42
0.04,0.24,0.066667,0.24,0.60667,0.18,0.58,0.82,0.82,0.36667,0.38,0.24,0.11333,38
0.40698,0.86047,0.40698,0.86047,0.2093,0.84884,0.43023,0.034884,0.034884,0.77907,0.60465,0.86047,0.84884,49
0.95062,0.24691,1,0.24691,0.44444,0.23457,0.08642,0.28395,0.28395,0.1358,0.41975,0.24691,0.46914,42
0,0.25,0.030303,0.25,0.63636,0.26515,0.59848,0.91667,0.91667,0.40152,0.34848,0.25,0.083333,38
0,0.21538,0.21538,0.21538,0.72308,0.092308,0.52308,0.76923,0.76923,0.29231,0.27692,0.21538,0.16923,38
1,0.36879,1,0.36879,0.29787,0.37589,0.14184,0.14894,0.14894,0.21277,0.39007,0.36879,0.6383,42
1,0.30638,0.98723,0.30638,0.17872,0.042553,0.11064,0.21702,0.21702,0.13191,0,0.30638,0.48511,24
0.83459,0.3609,0.84211,0.3609,0.33835,0.52632,0.15038,0.10526,0.10526,0.2406,0.57143,0.3609,0.63158,42
1,0.43621,0.99177,0.43621,0.078189,0.26955,0.11728,0.3251,0.3251,0.10494,0.18724,0.43621,0.83333,37
0.42975,0.80165,0.47934,0.80165,0.19835,0.42975,0.14876,0,0,0.66942,0.6281,0.80165,0.7438,49
1,0.33803,0.87324,0.33803,0.59155,0.61972,0.16901,0.49296,0.49296,0.23944,0.38028,0.33803,0.50704,42
0.19504,0.11348,0.21277,0.11348,0.24468,0.61348,1,0.10993,0.10993,0.20213,0.17021,0.11348,0.01773,34
0.047809,0.033865,0.051793,0.033865,0.11355,0.11355,0.52191,1,1,0.23307,0.18127,0.033865,0.041833,10
0.125,0.29427,0.10417,0.29427,0.21094,0.078125,0.28906,1,1,0.29427,0.10677,0.29427,0.16927,47
0.13836,0.40252,0.20126,0.40252,0.75472,0.22013,0.32075,0.062893,0.062893,0.43396,0.48428,0.40252,0.40881,21
0.3273,0.10205,0.44815,0.10205,0.14931,0.51281,0.31225,0,0,0.50059,0.41289,0.10205,0.44157,12
0.61635,0.54717,0.96855,0.54717,0.56918,0.42138,0.5566,0.53145,0.53145,0.53459,0.3805,0.54717,0.80818,3
0.42188,0.28906,0.75391,0.28906,0.14844,0.32422,0.23047,0.27344,0.27344,0.16797,0.19531,0.28906,0.68359,15
0.47418,0.24883,0.59624,0.24883,0.046948,0.16432,0,0.18779,0.18779,0.10798,0.061033,0.24883,0.71362,15
0.41989,0.22099,0.55249,0.22099,0.0055249,0.044199,0,0.1768,0.1768,0,0.055249,0.22099,0.69613,15
0.11111,0.55556,0.037037,0.55556,0.88889,0.40741,0.74074,0.85185,0.85185,1,0.88889,0.55556,0.25926,27
0.16,0.42,0.06,0.42,0.62,0.38,0.62,0.56,0.56,1,0.76,0.42,0.18,18
0.67442,0.51163,0.93023,0.51163,0.4186,0.5814,0.11628,0.5814,0.5814,0,0.023256,0.51163,0.90698,37
0.71975,0.35987,0.93631,0.35987,0.18471,0.3758,0.14968,0.26433,0.26433,0,0.16561,0.35987,0.85987,37
0.37363,0.72527,0.34066,0.72527,0.16484,0.72527,0.15385,0.098901,0.098901,0.65934,0.51648,0.72527,0.65934,49
0.89256,0.52066,1,0.52066,0.36364,0.44628,0.32231,0.47107,0.47107,0.39669,0.70248,0.52066,0.7686,3
0.29412,0.16471,0.25882,0.16471,0.89412,0.21176,0.94118,0.90588,0.90588,0.30588,0.27059,0.16471,0.058824,38
0.67903,0.85038,0.52941,0.85038,0.70332,0.10614,0.38235,0.71228,0.71228,0.59719,0.3376,0.85038,1,16
0.53488,1,0.53101,1,0.65116,0.15504,0.45736,0.85659,0.85659,0.85659,0.46899,1,0.87209,16
0.28542,0.32868,0.56455,0.32868,0.45499,0.088625,0.29449,0.3231,0.3231,0.15143,0.088625,0.32868,1,22
0.22353,0.22353,0.82353,0.22353,0.47353,0.42353,0.51471,0.29118,0.29118,0.15294,0.19118,0.22353,0.93529,22
0.23037,0.30954,0.49773,0.30954,0.42635,0.079169,0.2122,0.27125,0.27125,0.095393,0.077223,0.30954,1,22
0.18337,0.23716,0.69682,0.23716,0.44988,0.40098,0.38142,0.25917,0.25917,0.12714,0.20293,0.23716,0.90465,22
0.45161,0.38455,0.7708,0.38455,0.5416,0.1163,0.54754,0.48048,0.48048,0.32343,0.12309,0.38455,1,22
0.32414,0.14828,1,0.14828,0.43793,0.40345,0.83103,0.34828,0.34828,0.25172,0.14483,0.14828,0.74138,29
0.65653,0.82877,0.54711,0.82877,0.52584,0.082067,0.26748,0.7538,0.7538,0.2462,0.21277,0.82877,1,40
0.54146,0.53171,0.5561,0.53171,0.26829,0.27317,0.23415,0.6,0.6,0,0.2,0.53171,0.61951,40
0.68511,0.60145,0.6502,0.60145,0.2859,0.0019763,0.02108,0.51581,0.51581,0,0.034914,0.60145,1,40
0.27718,0.29176,0.58824,0.29176,0.30259,0.034353,0.067294,0.21035,0.21035,0.034824,0.037176,0.29176,1,22
0.33818,0.45091,0.45091,0.45091,0.11273,0.032727,0.13091,1,1,0.090909,0.087273,0.45091,0.36364,47
0.59259,1,0.34227,1,0.98723,0.24266,0.43167,0.76628,0.76628,0.69604,0.50575,1,0.97573,16
0.39385,1,0.12776,1,0.6513,0.16138,0.5072,0.69645,0.69645,0.54179,0.40442,1,0.72622,16
0.82949,0.54531,0.43011,0.54531,0.98925,0.16743,0.49309,0.73425,0.73425,0.56068,0.43779,0.54531,1,30
0.54047,0.39726,0.3076,0.39726,0.7721,0.14197,0.50934,0.65255,0.65255,0.55542,0.33001,0.39726,1,30
0.64234,0.44234,0.68333,0.44234,0.18423,0.0054054,0.038739,0.36306,0.36306,0.0036036,0.035586,0.44234,1,22
0.57671,0.77123,0.4726,0.77123,0.86849,0.14384,0.46986,0.72055,0.72055,1,0.59315,0.77123,0.98219,16
0.65082,0.48852,0.46721,0.48852,0.70656,0,0.59836,1,1,0.46393,0.35082,0.48852,0.97213,30
0.74282,0.55528,0.82224,0.55528,0.32437,0.012217,0.12462,0.36042,0.36042,0.018937,0.053146,0.55528,1,22
0.81443,0.46735,0.79725,0.46735,0.15808,0.42612,0.065292,0.36426,0.36426,0.027491,0.19244,0.46735,0.74227,37
0.88422,0.40574,1,0.40574,0.1373,0.55943,0.15676,0.2623,0.2623,0,0.14549,0.40574,0.9416,37
0.44118,0.14706,0.52941,0.14706,0,0.14706,0,0,0,0,0,0.14706,0.52941,15
0.081694,0.2118,0.12708,0.2118,0.42663,0.4236,0.71861,0.20726,0.20726,1,0.77761,0.2118,0.10439,9
0.31056,0,0.44513,0,0.22153,0.3913,0.46791,0.082816,0.082816,0.68323,0.59627,0,0.18427,12
0.20594,0.64564,0.14286,0.64564,0.71243,0.55473,0.84787,0.56586,0.56586,1,0.80519,0.64564,0.35065,27
0.66216,0.89862,0.56843,0.89862,0.84247,0.46387,0.73684,1,1,0.74297,0.67175,0.89862,0.56197,8
0.62941,0.82552,0.54752,0.82552,0.74052,0.25324,0.55734,1,1,0.53034,0.48817,0.82552,0.43507,8
0.96522,0.70609,1,0.70609,0.61217,0.33217,0.36174,0.37739,0.37739,0.8,0.53391,0.70609,0.8313,33
0.74906,0.75157,0.66625,0.75157,0.70138,0.74279,0.89586,0.84316,0.84316,0.65997,0.77039,0.75157,0.65119,50
0.50091,0.48634,1,0.48634,0.25137,0.16393,0.64117,0.51913,0.51913,0.091075,0.19854,0.48634,0.48087,3
0.512,0.56663,0.25729,0.56663,0.59948,0.81432,0.74234,0.63787,0.63787,0.29051,0.72462,0.56663,0.39424,17
0.40052,0.4651,0.25131,0.4651,0.65969,0.45899,0.55323,0.86562,0.86562,1,0.43019,0.4651,0.35079,28
0.4,0.8375,0.3,0.8375,0.1875,0.875,0.3375,0,0,0.75,0.5125,0.8375,0.8375,49
0.52747,0.82418,0.48352,0.82418,0.21978,0.53846,0.18681,0.021978,0.021978,0.61538,0.74725,0.82418,0.71429,49
0.96591,0.25,1,0.25,0.48864,0.29545,0.25,0.39773,0.39773,0.20455,0.5,0.25,0.5,42
1,0.35659,0.89147,0.35659,0.20155,0.32558,0.29457,0.30233,0.30233,0.24031,0.39535,0.35659,0.62016,42
0.015748,0.27559,0.047244,0.27559,0.62992,0.031496,0.77953,1,1,0.3622,0.40157,0.27559,0,38
0,0.10204,0.020408,0.10204,0.92857,0.41837,0.91837,1,1,0.40816,0.39796,0.10204,0.010204,6
0.54762,0.66667,0.42857,0.66667,0.35714,0.52381,0.59524,0.11905,0.11905,0.5,0.35714,0.66667,0.57143,26
0.58197,0.71311,0.30328,0.71311,0.47541,0.52459,0.29508,0,0,0.5,0.54098,0.71311,0.7541,26
0.22222,0.62963,0.4321,0.62963,0.24691,0.38272,0.28395,0,0,0.69136,0.97531,0.62963,0.71605,49
1,0.22222,0.47475,0.22222,0.19192,0.37374,0,0.20202,0.20202,0.33333,0.39394,0.22222,0.35354,42
0.60177,0.24779,1,0.24779,0.097345,0.63717,0.64602,0.35398,0.35398,0.16814,0.41593,0.24779,0.35398,29
1,0.37864,0.76699,0.37864,0.37864,0.56311,0.067961,0.30097,0.30097,0.23301,0.038835,0.37864,0.4466,42
0.05303,0.26136,0.16288,0.26136,0.54167,0.083333,0.57576,1,1,0.44697,0.54545,0.26136,0,38
0.40828,0.51479,0.15976,0.51479,0.63905,0.53846,0.80473,1,1,0.39053,0.62722,0.51479,0.39645,17
0.12698,0.43651,0,0.43651,0.77778,0.57143,0.7619,0.99206,0.99206,0.72222,0.55556,0.43651,0.3254,39
0.079137,0.38129,0.28777,0.38129,0.72662,0,0.84892,0.8777,0.8777,0.33813,0.19424,0.38129,0.079137,38
0.315,0.605,0.1,0.605,0.825,0.605,0.85,0.785,0.785,0.785,0.8,0.605,0.04,27
0.73889,0.28889,0.93889,0.28889,0.061111,0.31667,0,0.088889,0.088889,0.055556,0.14444,0.28889,1,24
1,0.3466,0.92974,0.3466,0.10773,0.47775,0.046838,0.28337,0.28337,0,0.11241,0.3466,0.77283,37
0.89443,0.36468,0.81958,0.36468,0.23225,0.40883,0.086372,0.30518,0.30518,0,0.18234,0.36468,0.70058,37
0.87903,0.41129,0.77419,0.41129,0.3871,0.3629,0.12097,0.34677,0.34677,0,0.26613,0.41129,0.69355,37
0.43379,0.60959,0.83333,0.60959,0.063927,0.13927,0.28767,1,1,0.22374,0.073059,0.60959,0.69178,40
0.95957,0.59787,0.49149,0.59787,0.33404,0.75745,0,0.50851,0.50851,0.31702,0.048936,0.59787,1,33
0.77515,0.14596,0.59566,0.14596,0.24655,0.42209,0.18146,0.20118,0.20118,0,0.35108,0.14596,0.61933,13
0.90678,0.32373,1,0.32373,0.10847,0.30169,0.055932,0.22712,0.22712,0,0.15424,0.32373,0.69322,24
0.91946,0.39262,0.88255,0.39262,0.21812,0.30872,0.053691,0.42953,0.42953,0,0.19128,0.39262,0.83557,37
0.4898,0.56122,0.42347,0.56122,0.66837,0.10204,0.64796,0.80102,0.80102,1,0.56633,0.56122,0.34184,28
0.28571,0.82313,0.31293,0.82313,0.68707,0.48299,0.2449,1,1,0.027211,0.26531,0.82313,0.34014,44
0.59111,0.94222,0.66889,0.94222,0.95333,0.73556,0.50222,0.90444,0.90444,0.32,0.58667,0.94222,0.61778,8
0.068657,0.13134,0.037313,0.13134,0.19403,0.4194,0.53134,0.16866,0.16866,0.7806,0.48806,0.13134,0.056716,9
0.41053,0.81053,0.47368,0.81053,0.31579,0.73684,0.4,0.042105,0.042105,0.74737,0.78947,0.81053,0.82105,49
1,0.30588,0.95294,0.30588,0.36471,0.51765,0.14118,0.32941,0.32941,0.15294,0.18824,0.30588,0.44706,42
0.052632,0.25658,0.078947,0.25658,0.61842,0.19737,0.58553,0.82237,0.82237,0.375,0.38158,0.25658,0.13158,38
0.73913,0.86957,0.86957,0.86957,0.56522,0.65217,0.6087,0.43478,0.43478,0.78261,0.78261,0.86957,1,50
1,0.21053,1,0.21053,0.18421,0.15789,0.10526,0.026316,0.026316,0.13158,0.21053,0.21053,0.47368,24
0.43137,0.72549,0.35294,0.72549,0.11765,0.37255,0.29412,0.45098,0.45098,1,0.43137,0.72549,0.58824,43
0.61905,1,0.53968,1,0.60317,0.74603,0.53968,0,0,0.77778,0.38095,1,0.55556,46
0.39252,1,0.19626,1,0.30841,0.18692,0.48598,0.31776,0.31776,0.24299,0.18692,1,0.78505,48
0.57895,0.84211,0.58772,0.84211,0.4386,0.35965,0.55263,0,0,0.42105,0.81579,0.84211,1,46
0.61111,1,0.47222,1,0.34722,0.43056,0.46528,0.020833,0.020833,0.54861,0.42361,1,0.95139,48
0.77099,0.9313,0.64885,0.9313,0.40458,0.60305,0.41985,0,0,0.58779,0.67939,0.9313,0.82443,46
0.84615,1,0.66272,1,0.38462,0.63314,0.4497,0.2426,0.2426,0.7574,0.75148,1,0.94675,46
0.79245,0.82642,0.57736,0.82642,0.61509,0.80377,0.63019,0.5283,0.5283,0.78868,0.77358,0.82642,0.91698,50
0.7734,0.75369,0.68966,0.75369,0.55172,0.84729,0.65517,0.49754,0.49754,0.87192,0.74877,0.75369,0.93596,50
0.6911,0.85864,0.6178,0.85864,0.43979,0.96335,0.64398,0.47644,0.47644,0.94241,0.91099,0.85864,0.98953,50
0.59538,0.71676,0.77457,0.71676,0.43353,0.80925,0.57225,0.50867,0.50867,0.75723,0.67052,0.71676,1,50
0.61644,0.69863,0.55479,0.69863,0.5411,0.76712,0.55479,0.30137,0.30137,0.85616,0.39041,0.69863,1,50
0.33333,0.3908,0.47126,0.3908,0.56322,0.81609,0.3908,0.36782,0.36782,1,0.16092,0.3908,0.8046,4
0.42169,0.28916,0,0.28916,1,0.79518,0.84337,0.78313,0.78313,0.54217,0.75904,0.28916,0.22892,39
0.47525,0.55446,0.29703,0.55446,1,0.78218,0.9703,0.69307,0.69307,0.64356,0.57426,0.55446,0.31683,17
0.40299,0.34328,0.50746,0.34328,1,0.38806,0.65672,0.91045,0.91045,0.49254,0.65672,0.34328,0,25
0.84545,0.45455,0.72727,0.45455,0.47273,0.54545,0.33636,1,1,0.61818,0.48182,0.45455,0.063636,28
0.91892,0.20721,1,0.20721,0.58559,0.1982,0.009009,0.81982,0.81982,0.22523,0.54955,0.20721,0.56757,20
0.89785,0.43548,1,0.43548,0.42473,0.30645,0.010753,0.24731,0.24731,0.24194,0.46774,0.43548,0.66129,42
0.82479,0.42308,1,0.42308,0.39744,0.46154,0.20085,0.22222,0.22222,0.27778,0.47863,0.42308,0.62821,42
0.87838,0.45946,1,0.45946,0.45045,0.55856,0.42342,0.32432,0.32432,0.32883,0.42793,0.45946,0.68919,3
1,0.61314,0.91971,0.61314,0.59854,0.59124,0.28467,0.67883,0.67883,0.20438,0.087591,0.61314,0.81022,33
0.60952,0.13333,0.51429,0.13333,0.80952,0.6381,0.6,0.62857,0.62857,0.2381,0,0.13333,0.4381,31
0.63043,0.17391,0.23913,0.17391,0.88043,0.44565,0.57609,1,1,0.032609,0,0.17391,0.032609,31
0.33708,0.51685,0,0.51685,1,0.4382,0.57303,0.96629,0.96629,0.10112,0.34831,0.51685,0.24719,44
0.5098,0.45098,0.31373,0.45098,0.93137,0.69608,0.60784,0.67647,0.67647,0.088235,0.47059,0.45098,0.058824,17
0.61333,0.49333,0.90667,0.49333,0.41333,0.46667,0.56,0.37333,0.37333,0,0.45333,0.49333,0.61333,3
0.51807,0.22892,0.38554,0.22892,0.18072,0.22892,0,0.79518,0.79518,0.21687,0.50602,0.22892,0.86747,20
0.43421,0,0.94737,0,0.26316,0.84211,0.56579,0.28947,0.28947,1,0.75,0,0.43421,12
0.21053,0.35789,0.2,0.35789,0.78947,0.73684,0.73684,0.73684,0.73684,0.55789,0.25263,0.35789,0.32632,39
0.069444,0.20833,0.0069444,0.20833,0.54861,0.67361,0.80556,0.44444,0.44444,0.47917,0.44444,0.20833,0,34
0,0.26106,0.053097,0.26106,0.55752,0.46018,0.69469,0.88496,0.88496,0.57965,0.34513,0.26106,0.14159,38
0,0.29126,0.048544,0.29126,0.63107,0.44337,0.68932,0.82848,0.82848,0.45631,0.42395,0.29126,0.20388,38
0,0.23006,0.10429,0.23006,0.40491,0.23926,0.44172,0.56442,0.56442,0.35583,0.30675,0.23006,0.058282,11
0.041841,0.27615,0.12134,0.27615,0.46862,0.20502,0.48117,0.48536,0.48536,0.27615,0.38075,0.27615,0,11
0.35897,0.42051,0.36923,0.42051,0.48205,0.12821,0.35897,0.48718,0.48718,0.19487,0.34872,0.42051,0,11
0.31405,0.1157,0.30579,0.1157,0.28926,0.19835,0.26446,0.26446,0.26446,0.41322,0.56198,0.1157,0.21488,9
0.57018,0.11404,0.68421,0.11404,0.061404,0.12281,0.36842,0.4386,0.4386,0.18421,0.72807,0.11404,0,29
0.67742,0.56989,0.58065,0.56989,0.10753,0,0.41935,0.46237,0.46237,0.19355,1,0.56989,0.74194,1
0.20345,0.57931,0,0.57931,1,0.4,0.75862,0.85862,0.85862,0.94483,0.96897,0.57931,0.20345,27
0.18468,0.42829,0.037328,0.42829,0.7053,0.36935,0.61886,0.65226,0.65226,1,0.8389,0.42829,0.14735,18
0.054286,0.21714,0.048571,0.21714,0.34571,0.13143,0.44857,0.35143,0.35143,1,0.99143,0.21714,0.031429,9
0.16296,0.13333,0,0.13333,0.61481,0.68148,0.15556,0.64444,0.64444,0.15556,0.77037,0.13333,0.26667,11
0.23913,1,0.46739,1,0.42391,0.3587,0.11957,0,0,0.66304,0.63043,1,0.59783,48
0.56643,0.28671,0.81119,0.28671,0.43007,0,0.72378,0.56993,0.56993,1,0,0.28671,0,43
0.25641,0.13553,0.31136,0.13553,0.32967,0.22711,0.33333,0.26374,0.26374,0.16117,0.19048,0.13553,0.18315,11
0.68254,0.14286,0.72222,0.14286,0.34921,0.92857,0.25397,0,0,0.10317,0.18254,0.14286,0.30952,13
0.12186,0,0.053763,0,0.30824,0.36918,0.87097,1,1,0.14695,0.24014,0,0.23656,10
0.31879,0.13423,0.4396,0.13423,0.30872,0.9094,0.41611,0.63423,0.63423,0.29195,0.16779,0.13423,0.19128,11
0.55285,1,0.70732,1,0.52033,0.82927,0.60163,0.17073,0.17073,0.90244,0.95122,1,0.87805,46
0,0,0,0,0,0,0.6379,1,1,0,0,0,0,10
0.20601,0.26609,0.18455,0.26609,0.33476,0,0.39056,0.85408,0.85408,0.23176,0.27897,0.26609,0.28326,47
0.96491,0.28947,1,0.28947,0.32456,0.42105,0.2807,0.15789,0.15789,0.35088,0.29825,0.28947,0.37719,42
0.43534,0.42672,0.34914,0.42672,0.64655,0.4569,0.49569,0.60345,0.60345,0.39224,0.65517,0.42672,0.5431,17
0.22642,0.22606,0.21174,0.22606,0.33248,0.44697,0.8778,1,1,0.2044,0.16624,0.22606,0,38
0.21209,0.024078,0.17136,0.024078,0.12731,0.23156,0,0.60374,0.60374,0.012295,0.22003,0.024078,0.018186,11
0.95565,0.84325,1,0.84325,0.58065,0.51714,0.41734,0.7994,0.7994,0.47228,0.47278,0.84325,1,41
0.65274,0.48042,0.87728,0.48042,0.35509,0.59269,0.34204,0.34465,0.34465,0.36554,0.32637,0.48042,0.80418,3
0.63768,0.86335,0.56315,0.86335,0.67805,0.26915,0.5352,1,1,0.43892,0.45238,0.86335,0.5766,8
0.9821,0.88842,0.98329,0.88842,0.60621,0.47673,0.41587,0.86754,0.86754,0.47554,0.48508,0.88842,1,41
0.92473,0.95379,0.89138,0.95379,0.64316,0.3516,0.42544,1,1,0.42878,0.44259,0.95379,0.91091,41
0.57879,0.34499,0.67084,0.34499,0.40317,0.69256,0.53866,0.19367,0.19367,0.79234,0.65427,0.34499,0.63954,45
0.94915,0.82034,1,0.82034,0.66441,0.6,0.51864,0.80339,0.80339,0.22373,0.4,0.82034,0.87797,41
0.8937,0.44094,0.98031,0.44094,0.26772,0.65748,0.27559,0.30315,0.30315,0,0.17717,0.44094,0.94094,37
0.25,0.25,0.375,0.25,0.8125,0.5625,0.5625,0.8125,0.8125,0.4375,0.4375,0.25,0.375,39
0.25,0.25,0.375,0.25,0.8125,0.5625,0.5625,0.8125,0.8125,0.4375,0.4375,0.25,0.375,39
0,0.11765,0.029412,0.11765,0.64706,0.29412,1,0.5,0.5,0.17647,0.088235,0.11765,0.029412,34
0.34783,0.3913,0.26087,0.3913,0.17391,0.17391,0.17391,0,0,0.13043,0.17391,0.3913,0.26087,21
0.13043,0.56522,0.17391,0.56522,0.21739,0.17391,0.17391,0.26087,0.26087,0.30435,0.21739,0.56522,0,21
0.24138,0.2069,0,0.2069,0,0.10345,0.10345,0.068966,0.068966,0.13793,0.37931,0.2069,0.068966,7
0.48387,0.35484,0.35484,0.35484,0.12903,0.48387,0,0.12903,0.12903,0.25806,0.41935,0.35484,0.83871,15
0.35294,0.70588,0.41176,0.70588,0.52941,0.41176,0.58824,0.23529,0.23529,1,0.70588,0.70588,0.52941,26
0.6,1,0.6,1,0.2,0.46667,0.4,0.13333,0.13333,0.53333,0.66667,1,0.6,48
0.14815,0.66667,0.48148,0.66667,0.18519,0.88889,0.22222,0.18519,0.18519,0.51852,0.37037,0.66667,0.44444,26
0.48276,0.44828,0.55172,0.44828,0.17241,0.65517,0.2069,0.17241,0.17241,0.34483,0.068966,0.44828,0.48276,19
0.59091,0.31818,0.63636,0.31818,0.27273,0.5,0.36364,0.045455,0.045455,1,0.59091,0.31818,0.86364,35
0.26316,0.63158,0.10526,0.63158,0.73684,0.84211,0.36842,0,0,0.89474,0.73684,0.63158,0.31579,26
0.20588,0.32353,0.20588,0.32353,0.5,1,0.35294,0.058824,0.058824,0.58824,0.61765,0.32353,0.20588,12
0.051282,0.20513,0.17949,0.20513,0.20513,0.33333,0.41026,1,1,0.33333,0.23077,0.20513,0.17949,47
0.27778,0.5,0.55556,0.5,0.33333,0.61111,0.44444,0.61111,0.61111,0.61111,0.72222,0.5,0.44444,4
0.37037,0.25926,0.25926,0.25926,0.33333,0.37037,0.55556,0.22222,0.22222,0.48148,0.40741,0.25926,0.18519,9
0.60976,0.92073,0.56098,0.92073,0.28659,0.59756,0.21341,0,0,0.66463,0.58537,0.92073,0.71951,49
0.051613,0.48387,0.077419,0.48387,0.10968,0.15484,0.35484,0,0,0.070968,0.29032,0.48387,0.2,21
0.84333,0.98333,0.86667,0.98333,0.66,0.72667,0.55667,0.53333,0.53333,0.77667,0.78,0.98333,0.94333,50
0.84227,0.84227,0.75394,0.84227,0.70978,0.95584,0.66562,0.50789,0.50789,1,0.85489,0.84227,0.77287,50
1,0.22881,0.99153,0.22881,0.27966,0.21186,0.076271,0.067797,0.067797,0.14407,0.52542,0.22881,0.61864,42
0.96203,0.34177,1,0.34177,0.36076,0.32278,0.24684,0.26582,0.26582,0.32911,0.56329,0.34177,0.74684,42
0.57658,0.33333,0.32432,0.33333,0.45045,0.40541,0.15315,0.027027,0.027027,0.054054,0.54955,0.33333,0,21
0,0.08547,0.11966,0.08547,0.73504,0.48718,0.87179,1,1,0.59829,0.54701,0.08547,0.034188,6
0.074074,0.092593,0.35185,0.092593,0.56481,0.67593,0.89815,0.28704,0.28704,0.28704,0.36111,0.092593,0.18519,34
0.060606,0.17424,0,0.17424,0.68939,0.33333,0.82576,0.96212,0.96212,0.74242,0.37879,0.17424,0.060606,6
0.112,0.184,0.44,0.184,0.6,0.416,0.432,0.952,0.952,0.584,0.752,0.184,0.256,25
0.11429,0.20952,0.13333,0.20952,0.68571,0.6,0.88571,0.91429,0.91429,0.37143,0.4,0.20952,0.25714,38
0,0.10084,0.15126,0.10084,0.79832,0.45378,0.92437,1,1,0.61345,0.54622,0.10084,0.07563,6
0.5,0.038462,1,0.038462,0,0.44231,0.096154,0.28846,0.28846,0.057692,0.21154,0.038462,0.61538,13
0.48299,0.14657,0.58813,0.14657,0.14038,0.57452,0.24985,0,0,0.32529,0.34818,0.14657,0.62585,13
0.87179,0.5641,0.92308,0.5641,0.35897,0.66667,0.28205,0.51282,0.51282,0,0.25641,0.5641,0.84615,37
0.0691,0.16754,0.014342,0.16754,0.49478,0.46023,0.68253,0.21121,0.21121,0.61082,0.62777,0.16754,0.014342,9
0.14867,0.36045,0.030856,0.36045,0.46844,0.60729,0.77279,0.45442,0.45442,0.79944,0.75175,0.36045,0.030856,18
0.30769,0.30769,0.30769,0.30769,0.30769,0.76923,0.69231,0,0,0.30769,0.53846,0.30769,0.46154,12
0.57742,0.26774,0.99032,0.26774,0.045161,0.3871,0.029032,0.032258,0.032258,0.51613,0,0.26774,0.83548,19
0.78512,0.65289,0.93388,0.65289,0.6281,0.3719,0.73554,0,0,0.56198,0.82645,0.65289,1,46
0.83954,0.94865,0.7163,0.94865,0.55327,0.4249,0.22593,1,1,0.42875,0.19897,0.94865,0.69063,32
0.1671,0.22494,0.36761,0.22494,0.16967,0.77763,0.19152,0.27249,0.27249,0.42931,0.28021,0.22494,0.35604,12
0.18906,0.36742,0.073722,0.36742,1,0.50773,0.63853,0.42093,0.42093,0,0.41141,0.36742,0.12723,34
0.58949,0.78818,0.90148,0.78818,0.2775,0.42529,0.31691,0,0,0.57143,0.63383,0.78818,0.90148,49
0,0.10273,0.71391,0.10273,0,0,0,0,0,0.011704,0.42783,0.10273,0.42783,15
0.68731,0.28173,0.79257,0.28173,0.23529,0.20743,0.12074,0.19814,0.19814,0.19814,0.12384,0.28173,0.78328,24
0.43363,0.81416,0.54867,0.81416,0.18584,0.61947,0.18584,0,0,0.65487,0.46018,0.81416,0.69912,49
0.18865,0.43635,0.59179,0.43635,0.24124,1,0.19926,0.16605,0.16605,0.55489,0.74493,0.43635,0.54982,26
1,0.28953,0.92539,0.28953,0.62695,0.37194,0.3363,0.21715,0.21715,0.22829,0.5657,0.28953,0.64699,42
0.094536,0.29367,0.081237,0.29367,0.38354,0.084112,0.10137,0.22933,0.22933,0.24551,0.32818,0.29367,0.078361,21
0.25092,0.16799,0.15425,0.16799,0.51347,0.6841,1,0.88167,0.88167,0.39778,0.28104,0.16799,0.25198,38
0.28895,0.49063,0,0.49063,0.62508,0.5863,0.58306,0.46736,0.46736,0.69554,0.58177,0.49063,0.40724,18
0.039211,0.067856,0.061517,0.067856,0.037568,0.24912,0.74407,1,1,0.30242,0.55694,0.067856,0,10
0.27996,0.09707,0.61497,0.09707,0.32228,0.35632,0.44333,0.14797,0.14797,0.24711,0,0.09707,0.12252,13
0.098945,0.29181,0.1552,0.29181,0.38975,0.080864,0.42089,1,1,0.29282,0.17077,0.29181,0.19789,47
0.1987,0.41361,0,0.41361,0.86177,0.66955,0.96436,0.96112,0.96112,0.63283,0.58207,0.41361,0.22246,39
0.96154,0.43706,0.56993,0.43706,0,0.74476,0.65035,0.14336,0.14336,0.55944,0.79021,0.43706,0.71678,45
0.40828,0.61655,0.070345,0.61655,0.86759,0.34483,0.3131,0.45517,0.45517,0.68828,0.44552,0.61655,0.77103,30
0.36628,0.15988,0.77326,0.15988,0.1468,0.26744,0.48837,0,0,0.15988,0.2718,0.15988,0.049419,13
0.045051,0.29541,0,0.29541,0.65653,0.19121,0.028424,0.039509,0.039509,0.29375,0.60222,0.29541,0,21
0.094102,0.16239,0.059794,0.16239,0.33393,0.46169,0.42852,0.23084,0.23084,0.51773,0.39438,0.16239,0.068453,9
0.79433,1,0.76596,1,0.47518,0.54787,0.21809,0.63652,0.63652,0,0.17908,1,0.77837,40
0.84416,0.8961,0.72727,0.8961,0.98701,0.81818,0.8961,0.93506,0.93506,1,0.80519,0.8961,0.68831,5
0.73214,0.375,0.85714,0.375,0.32143,0.69643,0.19643,0.17857,0.17857,0,0.071429,0.375,0.82143,37
0.18132,0.52198,0.32967,0.52198,0.42857,0.33516,1,0.34615,0.34615,0.36813,0.13187,0.52198,0.19231,36
0.1871,0.33548,0.25161,0.33548,0.32258,0.077419,0.68387,0.47097,0.47097,0.13548,0.2,0.33548,0.27742,11
0.575,0.60833,0.71667,0.60833,0.575,0.25833,0.19167,0.89167,0.89167,0.29167,0.45,0.60833,0.525,8
0.08642,0.25926,0,0.25926,0.32099,0.4321,0.62963,0.37037,0.37037,0.64198,0.45679,0.25926,0,9
0.98207,0.97983,0.98924,0.97983,0.66607,0.43254,0.45899,1,1,0.46616,0.47243,0.97983,0.99507,41
0.26051,0.58294,0.056075,0.58294,0.80374,0.85631,0.95093,0.83528,0.83528,0.90654,0.82944,0.58294,0.08528,27
0.3141,0.40289,0.40844,0.40289,0.41398,0.78801,0.75583,0,0,0.75139,0.65372,0.40289,0.48058,45
0.28402,0.46631,0.31836,0.46631,0.52972,0.60106,0.56539,0.49406,0.49406,0.03963,0.30383,0.46631,0.32497,17
0.71429,0.50595,1,0.50595,0.44048,0.60119,0.4881,0.42262,0.42262,0.47024,0.375,0.50595,0.89286,3
0.77049,0.55738,0.81967,0.55738,0.65574,0.7541,0.5082,0.52459,0.52459,0.61475,0.69672,0.55738,1,50
0.98281,0.971,1,0.971,0.94361,0.99302,0.93824,0.97959,0.97959,0.96455,0.96294,0.971,0.99893,5
0.98803,0.96616,1,0.96616,0.94014,0.97033,0.94951,0.96668,0.96668,0.95575,0.96356,0.96616,0.98959,5
0.41691,0.37755,0.47376,0.37755,0.30321,0.59913,0.30321,0.32216,0.32216,0.50875,0.33528,0.37755,0.45044,4
0.58306,0.27036,1,0.27036,0.045603,0.35831,0.029316,0.032573,0.032573,0.52117,0,0.27036,0.82085,19
0.99453,0.44335,0.98522,0.44335,0.33224,0.56322,0.5156,0,0,0.67378,0.60482,0.44335,0.98522,35
0.0025,0,0.0025,0,0.032115,0.99231,0.065,0,0,0.95192,0.067885,0,0.0025,2
0.39925,0.40426,0.40676,0.40426,0.36421,0.60325,0.33041,0.4005,0.4005,0.87234,0.36045,0.40426,0.40175,43
0.71875,0.44375,0.89375,0.44375,0.25625,0.3375,0.1625,0.175,0.175,0.04375,0.3875,0.44375,0.925,37
0.37037,0.41975,0.58025,0.41975,0.11111,0.67901,0.23457,0.71605,0.71605,0.53086,0.41975,0.41975,0.4321,4
0.51111,0.63333,0.52222,0.63333,0.67778,0.66667,0.71111,0.93333,0.93333,0.72222,0.54444,0.63333,0.43333,28
0.024096,0.54217,0.42169,0.54217,0.43373,1,0.37349,0.79518,0.79518,0.44578,0.3253,0.54217,0.43373,4
0,0.14912,0.19298,0.14912,0.54386,0.33333,0.57895,0.49123,0.49123,0.070175,0.4386,0.14912,0.37719,34
0.24793,0.24793,0.33884,0.24793,0.72727,0.38017,0.75207,0.50413,0.50413,0.38843,0.56198,0.24793,0.34711,34
0.2451,0.41176,0.39216,0.41176,0.26961,0.27941,0.22549,0.14216,0.14216,0.40196,0.51471,0.41176,0.28431,21
0.11613,0.56129,0.077419,0.56129,0.10968,0.54194,0.096774,0.083871,0.083871,0.18065,0.69677,0.56129,0.25161,21
0.63871,0.82581,0.66452,0.82581,0.29677,0.32903,0.25806,0.26452,0.26452,0.43226,0.82581,0.82581,0.88387,49
0.54762,0.72381,0.68571,0.72381,0.19524,0.40952,0.27143,0.1619,0.1619,0.59048,0.66667,0.72381,0.63333,49
0.4,1,0.5697,1,0.31515,0.18788,0.35152,0.10303,0.10303,0.66061,0.49697,1,0.8,48
0.51333,0.84,0.66,0.84,0.26667,0.38,0.21333,0.026667,0.026667,0.56,0.76667,0.84,0.66667,49
0.45122,0.78659,0.5122,0.78659,0.29268,0.46341,0.28659,0.054878,0.054878,0.59146,0.80488,0.78659,0.73171,49
0.40654,0.7757,0.50467,0.7757,0.27103,0.32243,0.29439,0.11682,0.11682,0.53738,0.3785,0.7757,0.80841,48
0.59763,0.74556,0.89349,0.74556,0.2071,0.56213,0.33728,0.076923,0.076923,0.97041,0.76923,0.74556,0.92308,49
0.25946,0.99459,0.47027,0.99459,0.36757,0.46486,0.36216,0.16216,0.16216,0.86486,0.65405,0.99459,0.87568,48
0.24828,0.75172,0.35172,0.75172,0.63448,1,0.84828,0.44138,0.44138,0.93103,0.91724,0.75172,0.86897,50
0.03913,0.14348,0.086957,0.14348,0.086957,0.52609,0.41304,1,1,0.32609,0.22174,0.14348,0.095652,10
0.09589,0.35616,0.64384,0.35616,0.054795,1,0.20548,0.56164,0.56164,0.82192,0.47945,0.35616,0.67123,4
0.29143,0.47429,0.40571,0.47429,0.28571,0.35429,0.44,0.40571,0.40571,0.49714,0.46857,0.47429,0.34857,43
0.64064,0.38662,0.59727,0.38662,0.34944,0.64684,0.53532,0.60967,0.60967,0.62825,0.48575,0.38662,0.46716,4
0.78261,1,0.7971,1,0.82609,0.73913,0.7971,0.69565,0.69565,0.94203,0.91304,1,0.94203,5
0.16711,0,0.14324,0,0.11141,0.18833,0.18568,0.20424,0.20424,0.03183,0.11671,0,0.039788,7
0.13636,0.40404,0.11616,0.40404,0.71717,0.23232,0.72727,0.64141,0.64141,1,0.67172,0.40404,0.15657,18
0.25,0.65816,0.28061,0.65816,0.9949,0.47449,0.9898,1,1,0.92347,0.79592,0.65816,0.2449,27
0.28814,0.50847,0.36441,0.50847,0.77119,0.27966,0.74576,0.71186,0.71186,0.80508,0.90678,0.50847,0.40678,28
0.11667,0.15,0.033333,0.15,0.61667,0.05,0.41667,0.16667,0.16667,1,0.71667,0.15,0.15,9
0.30315,0.14398,0.22441,0.14398,0.42801,0.35714,0.41564,0.55962,0.55962,0.25197,0.24016,0.14398,0.18391,11
0.27562,0,0.22136,0,0.30146,0.35745,0.40482,0.6391,0.6391,0.14212,0.13006,0,0.10422,11
0,0.61663,0.042725,0.61663,0.50924,0.4157,0.75173,0.64434,0.64434,0.55427,0.58199,0.61663,0.2806,18
0,0.2462,0.02674,0.2462,0.15675,0.12909,0.21715,0.44306,0.44306,0.18303,0.19318,0.2462,0.14846,11
0,0.17492,0.049505,0.17492,0.10891,0.12541,0.24422,0.39274,0.39274,0.15512,0.15182,0.17492,0.15182,11
0.50388,0.47804,0.59173,0.47804,0.48837,0.47804,0.41344,0.51938,0.51938,0.39793,0.37209,0.47804,0.66667,3
0.053571,0.375,0,0.375,0.30357,0.17857,0.32143,1,1,0.26786,0.28571,0.375,0.14286,47
0.076923,0.076923,0.15385,0.076923,0.23077,0.92308,1,0.69231,0.69231,0.92308,0.92308,0.076923,0,14
0.90462,1,0.96532,1,0.87572,0.88728,0.83526,0.72254,0.72254,0.93353,0.95376,1,0.98844,5
0.41038,0.58019,0.35849,0.58019,0.92453,0.41038,0.89151,0.79717,0.79717,0.98585,0.82547,0.58019,0.31604,27
0.3038,0.38608,0.34177,0.38608,0.56329,0.31962,0.58861,0.55696,0.55696,0.78481,0.75316,0.38608,0.44937,18
0.86364,0.94318,0.72727,0.94318,0.38636,0.18182,0.43182,1,1,0.625,0.25,0.94318,0.77273,32
0.85714,0.97619,0.59524,0.97619,0.53571,0.13095,0.4881,1,1,0.65476,0.22619,0.97619,0.79762,32
0.41429,1,0.5,1,0.27143,0.13571,0.22143,0.28571,0.28571,0.54286,0.25714,1,0.64286,48
0.5,1,0.45238,1,0.2381,0.19841,0.23016,0.30159,0.30159,0.53175,0.31746,1,0.77778,48
0.63223,0.40496,0.71074,0.40496,0.10744,0.49174,0.14876,0,0,0.43388,0.099174,0.40496,0.70248,19
0.64286,0.34524,0.69643,0.34524,0.42857,0.75595,0.80357,0.30952,0.30952,0.47024,0.3631,0.34524,0.78571,3
0.94667,0.80667,0.97,0.80667,0.5,0.37,0.30333,0.57667,0.57667,0.53333,0.15,0.80667,0.93,33
0.9152,0.74854,0.90936,0.74854,0.52339,0.4386,0.3538,0.5614,0.5614,0,0.22515,0.74854,0.90058,40
0.83281,0.59621,0.79495,0.59621,0.36909,0.35647,0.23344,0.41009,0.41009,0,0.1388,0.59621,0.7918,40
0.77451,0.5098,0.75163,0.5098,0.29412,0.32353,0.16667,0.33333,0.33333,0,0.094771,0.5098,0.7451,37
0.70463,0.39502,0.6726,0.39502,0.18149,0.19929,0.039146,0.20996,0.20996,0.27758,0,0.39502,0.67616,24
0.67278,0.33028,0.56881,0.33028,0.1896,0.16208,0.079511,0.17125,0.17125,0.19878,0.11009,0.33028,0.56575,15
0.53362,0.282,0.34707,0.282,0.17354,0.13449,0.075922,0.14317,0.14317,0.53579,0.20607,0.282,0.36443,15
0.076923,0.076923,0.15385,0.076923,0.46154,0.84615,1,0.61538,0.61538,0.84615,0.84615,0.076923,0,14
0.19753,0.20988,0.074074,0.20988,0.32716,0.16667,0.38889,1,1,0.12346,0.22222,0.20988,0,47
0.028689,0.26639,0,0.26639,0.90984,0.86475,0.7459,0.62705,0.62705,0.43443,1,0.26639,0.37705,39
0.71622,0.97297,0.43243,0.97297,0.7973,0.094595,0.43243,0.86486,0.86486,0.66216,0.35135,0.97297,1,16
0.6625,0.775,0.4625,0.775,0.725,0.0875,0.375,0.6875,0.6875,0.55,0.3375,0.775,1,16
0.6413,0.68478,0.53261,0.68478,0.59783,0.021739,0.20652,0.56522,0.56522,0.28261,0.1413,0.68478,1,40
0.75676,0.90541,0.54054,0.90541,0.72973,0.12162,0.37838,0.7973,0.7973,0.74324,0.43243,0.90541,1,16
0.5679,0.93827,0.37037,0.93827,1,0.17284,0.37037,0.69136,0.69136,0.88889,0.49383,0.93827,0.82716,16
0.2311,0.25691,0.185,0.25691,0.24462,0.089121,0.22127,0.4917,0.4917,0.77996,0.15857,0.25691,0.29318,43
0.25832,0.51189,0.19097,0.51189,0.40412,0.19731,0.41125,0.60539,0.60539,0.78368,0.39065,0.51189,0.32647,43
0.28973,0.75784,0.14486,0.75784,0.99243,0.11568,0.94054,0.97081,0.97081,1,0.54054,0.75784,0.25081,27
0.29208,0.38449,0.14851,0.38449,0.53053,0.14109,0.4538,0.43317,0.43317,1,0.44884,0.38449,0.32673,43
0.9438,0.72479,0.74132,0.72479,0.24711,0.063636,0.10248,0.47686,0.47686,0.18843,0.045455,0.72479,1,40
0.81755,0.84275,0.73501,0.84275,0.31712,0.07993,0.1364,0.53866,0.53866,0.10947,0.088619,0.84275,1,40
0.94335,1,0.74335,1,0.54682,0.079769,0.40925,0.87514,0.87514,0.080925,0.15491,1,0.96647,32
0.5731,0.4372,0.48456,0.4372,0.28209,0.0061771,0.044612,0.25601,0.25601,0,0.066575,0.4372,1,22
0.86976,0.734,0.68653,0.734,0.37969,0.11921,0.25607,0.74945,0.74945,0.78035,0.16336,0.734,0.96137,33
0.80296,1,0.69089,1,0.51724,0.18719,0.38177,0.83005,0.83005,0.62315,0.33005,1,0.99138,32
0.69428,0.96468,0.50548,0.96468,0.82095,0.10597,0.71498,1,1,0.5542,0.36419,0.96468,0.68697,32
0.64646,0.60718,0.47475,0.60718,0.59259,0.099888,0.35466,0.50281,0.50281,0.71268,0.36813,0.60718,1,30
0,0,0,0,0,0.20924,0,0,0,0.52958,0.18038,0,0,7
0.45756,0.15683,0.61009,0.15683,0.18696,0.57626,0.36039,0,0,0.623,0.51107,0.15683,0.6107,12
0.45377,0.1537,0.60625,0.1537,0.18677,0.58236,0.3662,0,0,0.62707,0.51745,0.1537,0.60686,12
0.045131,0.29533,0,0.29533,0.65637,0.19161,0.028504,0.039588,0.039588,0.29375,0.60253,0.29533,0,21
0.85912,0.47113,1,0.47113,0.15473,0.32564,0.16397,0.27483,0.27483,0,0.17783,0.47113,0.73441,37
0.54403,0.3267,0.8125,0.3267,0.23011,0,0.35369,0.34801,0.34801,0.088068,0.36222,0.3267,0.81534,22
0.44209,0.46819,0.61175,0.46819,0.14111,0.19413,0.1509,0.16069,0.16069,0.027732,0.11664,0.46819,0.79038,22
0.30207,0.13037,0.50079,0.13037,0.38712,0.83068,0.32671,0.11367,0.11367,0.073132,0.25755,0.13037,0.32671,13
0.49318,0.064327,1,0.064327,0.48051,0,0.56628,0.18908,0.18908,0.44444,0.30799,0.064327,0.39864,29
0.036036,0.27928,0,0.27928,0.47748,0.46847,0.65766,0.18919,0.18919,0.56757,0.64865,0.27928,0.081081,9
0.65185,0.37778,0.86667,0.37778,0.17778,0,0.14074,0.17778,0.17778,0,0.19259,0.37778,0.93333,24
0.96875,0.64583,1,0.64583,0.47917,0.19792,0.16667,0.46458,0.46458,0.10312,0.14792,0.64583,0.92708,40
0.96955,0.47392,0.98559,0.47392,0.14588,0.32495,0.16193,0.14023,0.14023,0.20642,0.2841,0.47392,1,37
0.7382,0.27495,0.91733,0.27495,0.064092,0.30543,0.041545,0,0,0.1119,0.14927,0.27495,0.92025,24
0.95058,0.44064,1,0.44064,0.13922,0.40476,0.20914,0.18187,0.18187,0.098626,0.18146,0.44064,0.93603,37
0.40883,0.40307,0.51631,0.40307,0.28887,0.64587,0.48464,0.77639,0.77639,0.35125,0.38868,0.40307,0.59117,4
0.30769,0.30769,0.16667,0.30769,0.58974,0.5,0.75641,0.53846,0.53846,0.9359,0.85897,0.30769,0.16667,18
0.15584,0.27273,0.090909,0.27273,0.67532,0.54545,0.75325,0.57143,0.57143,0.77922,0.50649,0.27273,0,18
0.33973,0.35701,0.27639,0.35701,0.32438,0.45298,0.31862,0.1094,0.1094,0.31862,0.51631,0.35701,0.58925,21
0.15087,0.24952,0.16054,0.24952,0.16828,0.20116,0.2766,0,0,0.19536,0.47776,0.24952,0.51257,21
0.47105,0.43487,0.51757,0.43487,0.46589,0.7295,0.37285,0.35562,0.35562,0.45899,0.39697,0.43487,0.5417,4
0.60216,0.65144,0.42308,0.65144,0.58173,0.64183,0.39423,0.29207,0.29207,0.57572,0.73437,0.65144,0.83293,26
0.74299,0.65881,0.79798,0.65881,0.69473,0.55556,0.31874,0.61055,0.61055,0,0.42985,0.65881,0.80135,40
0.46716,0.51642,0.45672,0.51642,0.39851,0.61194,0.34179,0.21045,0.21045,0.53582,0.52985,0.51642,0.68955,26
0.22391,0.20873,0.066414,0.20873,0.3871,0.39848,0.68691,0.25617,0.25617,0.3074,0.79317,0.20873,0.40228,9
0.40065,0.70033,0.40717,0.70033,0.36482,0.57003,0.4316,0.058632,0.058632,0.56352,0.75244,0.70033,1,49
0.16033,0,0.10586,0,0.16444,0.21274,0.11614,0.13875,0.13875,0.051387,0.12847,0,0.043165,7
0.49149,0.19093,0.62949,0.19093,0.092628,0.25331,0.12854,0,0,0.17958,0.18715,0.19093,0.66919,15
0.60121,0.22065,0.78745,0.22065,0.22672,0.47773,0.43117,0,0,0.36437,0.33806,0.22065,0.81377,19
0.72826,0.39674,0.77174,0.39674,0.11413,0.28261,0.081522,0.048913,0.048913,0,0.13043,0.39674,0.79891,24
0.6023,0.43927,0.70077,0.43927,0.25817,0.58828,0.34322,0.37793,0.37793,0.20722,0.31649,0.43927,0.67706,3
0.44848,0.15664,0.60214,0.15664,0.18106,0.56879,0.37939,0,0,0.63252,0.50983,0.15664,0.60036,12
0.4178,0.14143,0.5604,0.14143,0.2033,0.56394,0.41721,0,0,0.55981,0.52387,0.14143,0.56511,12
0.72289,0.65663,0.4759,0.65663,0.97711,0.54699,0.63253,0.98193,0.98193,0.69157,0.23855,0.65663,0.63012,8
0.98133,0.97867,0.98933,0.97867,0.66667,0.432,0.45867,1,1,0.46667,0.472,0.97867,0.99467,41
0.85776,0.59483,1,0.59483,0.37069,0.28448,0.15948,0.57759,0.57759,0.064655,0.094828,0.59483,0.63362,40
0.34012,0.37791,0.23256,0.37791,0.57849,0.53779,0.69186,0.40988,0.40988,0.95058,0.77616,0.37791,0.13663,18
0.33548,0.66452,0.1871,0.66452,0.70968,0.36774,0.81935,0.83226,0.83226,1,0.92903,0.66452,0.23226,27
0.093985,0.21053,0.078947,0.21053,0.36466,0.37594,0.51128,0.20301,0.20301,1,0.59023,0.21053,0.12782,9
0.053571,0.18929,0,0.18929,0.34643,0.41786,0.50357,0.20714,0.20714,0.70357,0.64286,0.18929,0.12857,9
0.96949,0.94576,0.97797,0.94576,0.84746,0.66441,0.69492,0.93051,0.93051,0.48644,0.70847,0.94576,0.98475,41
0.88509,0.66015,1,0.66015,0.40098,0,0.30562,0.55746,0.55746,0.061125,0.32274,0.66015,0.99756,40
0.825,0.616,0.943,0.616,0.359,0.165,0.236,0.501,0.501,0.283,0.251,0.616,0.943,40
0.65714,0.51429,0.85714,0.51429,0.25714,0.57143,0.31429,0.42857,0.42857,0,0.14286,0.51429,0.6,37
0.83439,0.49558,0.90898,0.49558,0.27307,0.40518,0.18205,0.4646,0.4646,0,0.20038,0.49558,0.69343,37
0.68011,0.27586,0.78417,0.27586,0.22999,0.20936,0.12131,0.19273,0.19273,0.19704,0.12469,0.27586,0.7774,24
0.88631,0.3779,0.89832,0.3779,0.30104,0.40512,0.29944,0.35228,0.35228,0.0048038,0.030424,0.3779,1,37
0.86879,0.36879,0.85106,0.36879,0.26596,0.39716,0.29787,0.31915,0.31915,0.10284,0.16667,0.36879,1,37
0.89232,0.47661,0.98588,0.47661,0.27626,0.80847,0.074139,0.30538,0.30538,0.012357,0.45631,0.47661,0.9744,37
0.86463,0.45423,0.98195,0.45423,0.24538,0.7933,0.041255,0.26214,0.26214,0,0.45466,0.45423,0.93683,37
0.90714,0.44643,0.96905,0.44643,0.29286,0.60952,0.17143,0.35238,0.35238,0.027381,0.2381,0.44643,1,37
0.098807,0.5707,0.043157,0.5707,0.72459,0.3992,0.85009,0.68541,0.68541,0.93015,0.71323,0.5707,0,27
0.28788,0.68788,0.12121,0.68788,0.86061,0.69394,0.88485,0.80909,0.80909,1,0.86364,0.68788,0,27
0.27778,0.68519,0.11111,0.68519,0.85185,0.68519,0.87037,0.7963,0.7963,1,0.85185,0.68519,0,27
0.12857,0.5,0.071429,0.5,0.68571,0.48571,0.72857,0.67143,0.67143,1,0.72857,0.5,0,18
0.12676,0.47887,0.056338,0.47887,0.70423,0.47887,0.71831,0.66197,0.66197,1,0.73239,0.47887,0.014085,18
0.15873,0.49206,0.079365,0.49206,0.69841,0.49206,0.68254,0.49206,0.49206,1,0.7619,0.49206,0.015873,18
0.06875,0.13125,0.0375,0.13125,0.19375,0.41875,0.53125,0.16875,0.16875,0.78125,0.4875,0.13125,0.05625,9
0.25605,0.5877,0.12399,0.5877,0.78427,0.48488,0.70565,0.60887,0.60887,1,0.7621,0.5877,0.1371,27
0.3,0.1,0.4,0.1,0.2,0.6,0.4,0,0,0.5,0.5,0.1,0.4,12
0.25,0.083333,0.33333,0.083333,0.16667,0.5,0.33333,0,0,0.41667,0.41667,0.083333,0.33333,12
0.25,0.083333,0.33333,0.083333,0.16667,0.58333,0.33333,0,0,0.41667,0.41667,0.083333,0.33333,12
0.28571,0,0.42857,0,0.14286,0.71429,0.42857,0,0,0.42857,0.42857,0,0.42857,12
0.29279,0.09009,0.29279,0.09009,0.15045,0.6045,0.45045,0,0,0.63063,0.52793,0.09009,0.45045,12
0.11111,0.11111,0.33333,0.11111,0.22222,0.66667,0.33333,0,0,0.55556,0.44444,0.11111,0.33333,12
0.28571,0.071429,0.42857,0.071429,0.21429,0.64286,0.42857,0,0,0.64286,0.57143,0.071429,0.42857,12
0.68744,0.4583,0.73327,0.4583,0.61091,0.91659,0.73327,0,0,0.76398,0.76398,0.4583,0.73327,45
0.66851,0.13467,0.73066,0.13467,0.33668,0.86701,0.77698,0,0,0.6978,0.82196,0.13467,0.74264,45
0.32714,0.86346,0.032632,0.86346,1,0.35541,0.29301,0.86346,0.86346,0.43323,0.2825,0.86346,0.21778,44
0.69236,0.23079,0.41542,0.23079,0.46157,0.98915,0.73852,0,0,0.69236,0.76921,0.23079,0.73852,45
0.84825,0.69651,0.16282,0.69651,0.69651,0.2132,0.47314,0.39302,0.39302,0.31168,0.23475,0.69651,0.55266,30
0.21739,0.21739,0.47826,0.21739,0.21739,0.6087,0.47826,0,0,0.47826,0.47826,0.21739,0.47826,12
0.2505,0.089465,0.43301,0.089465,0.35177,0.7014,0.46522,0,0,0.7515,0.63223,0.089465,0.43301,12
0.26316,0.26316,0.57895,0.26316,0.36842,0.89474,0.68421,0,0,0.89474,0.73684,0.26316,0.57895,45
0.1875,0,0.375,0,0.4375,0.78125,0.4375,0,0,0.78125,0.5625,0,0.375,12
0.2788,0.081967,0.37705,0.081967,0.2459,0.65574,0.42634,0,0,0.4918,0.52459,0.081967,0.37705,12
0.42882,0.42882,0.42882,0.42882,0.65695,0.20583,0.53173,0,0,0.45798,0.51458,0.42882,0.42882,26
0.69832,0.20539,0.73287,0.20539,0.53401,0.70831,0.85064,0,0,0.64652,0.85569,0.20539,0.74026,45
0.95246,0.95246,0.58269,0.95246,0.95246,0.56174,0.95246,0.95246,0.95246,0.91212,0.95246,0.95246,0.95246,5
0.54455,0.24752,0.60396,0.24752,0.51158,0.68317,0.64356,0,0,0.6601,0.69307,0.24752,0.60396,45
0.5,0,0.28108,0,0.5,0.13375,0.25,0,0,0.11433,0.15408,0,0.25942,7
