0,1,0,0.80247,0.50617,0.2716,0.49383,0.53086,0.2716,0,0.53086,0.49383,0.2716,34
0.49811,0.17358,0.49811,0.70943,0.43396,0.57736,0.018868,0.22642,0.57736,0.49811,0.22642,0.23019,0.57736,21
0.3239,0,0.3239,0.10692,0.0031447,1,0.24843,0.04717,1,0.3239,0.04717,0.35535,1,12
0.35461,0,0.35461,0.19149,0.0035461,0.98936,0.27305,0.10993,0.98936,0.35461,0.10993,0.50355,0.98936,12
0.80851,0.40426,0.80851,0.40426,0.57447,1,0.40426,0.48936,1,0.80851,0.48936,1,1,0
1,0.23256,1,0.65116,0,0.65116,0.65116,0.39535,0.65116,1,0.39535,0.51163,0.65116,20
0,1,0,0.78333,0.63333,0.26667,0.63333,0.78333,0.26667,0,0.78333,0,0.26667,48
0.36546,0.86747,0.36546,0.50201,0.68675,0.28112,0.59839,0.93976,0.28112,0.36546,0.93976,0.249,0.28112,17
0.49243,0.32392,0.49243,0.80626,0.69425,0.66297,0.35217,0.73461,0.66297,0.49243,0.73461,0.16448,0.66297,14
0.8,0.19091,0.8,0.58788,0,0.86667,0.31212,0.21515,0.86667,0.8,0.21515,0.47576,0.86667,19
0.86895,0.27635,0.86895,0.59829,0,0.8433,0.38177,0.34188,0.8433,0.86895,0.34188,0.66097,0.8433,19
0.43493,0.21575,0.43493,0.51712,0.18836,1,0.34247,0.19178,1,0.43493,0.19178,0.56507,1,40
0.5109,0.35826,0.5109,0.56386,0.3676,0.91277,0.47975,0.54517,0.91277,0.5109,0.54517,0.56698,0.91277,7
0.34351,0.8626,0.34351,0.083969,0.80534,0,0.74046,0.89313,0,0.34351,0.89313,0.8626,0,17
0.77113,0,0.77113,0.65141,0.73592,1,0.34155,0.59859,1,0.77113,0.59859,0.46831,1,25
0.96444,0.96147,0.96444,0.93552,0.96124,0.96296,0.94158,0.94592,0.96296,0.96444,0.94592,0.94307,0.96296,30
0.26734,1,0.26734,0.79697,0.48676,0.52081,0.47163,0.53468,0.52081,0.26734,0.53468,0.47541,0.52081,9
0.74468,0.74468,0.74468,0.7234,0.69149,0.69149,0.73404,0.73404,0.69149,0.74468,0.73404,0.69149,0.69149,13
0.61962,0.40191,0.61962,0.098086,0.67464,0.7177,0.36364,0.33971,0.7177,0.61962,0.33971,0.8756,0.7177,44
0.88589,0.21321,0.88589,0.68769,0.1952,0.6006,0.56456,0.48649,0.6006,0.88589,0.48649,0.26426,0.6006,26
0.7451,0.7451,0.7451,0.68627,0.66667,0.96078,0.4902,0.66667,0.96078,0.7451,0.66667,0.5098,0.96078,25
0.3423,0.25672,0.3423,0.72861,0.53545,0.45477,0.26406,0.71149,0.45477,0.3423,0.71149,0.11247,0.45477,1
0.36937,0.6014,0.36937,1,0.31329,0.46294,0.31329,0.16923,0.46294,0.36937,0.16923,0.26182,0.46294,42
0.039216,0.60784,0.039216,0.47059,0.39216,0.098039,0.48039,0.46078,0.098039,0.039216,0.46078,0.11765,0.098039,34
1,0.39689,1,0.45655,0.37613,0.26719,0.54994,0.49546,0.26719,1,0.49546,0.18158,0.26719,16
0.43984,0.33937,0.43984,0.8014,0.61273,0.59287,0.32535,0.79206,0.59287,0.43984,0.79206,0.14661,0.59287,14
0.44444,0.41667,0.44444,0.86111,0.69444,0.52778,0.36111,0.83333,0.52778,0.44444,0.83333,0.22222,0.52778,14
0,0.40506,0,0.53165,1,0.063291,0.36709,0.91139,0.063291,0,0.91139,0.088608,0.063291,46
0.89831,0.23729,0.89831,0.23729,0.033898,0.74576,0.37288,0,0.74576,0.89831,0,0.62712,0.74576,37
0.81818,0.18182,0.81818,0.13636,0,0.72727,0.36364,0,0.72727,0.81818,0,0.90909,0.72727,37
0.027523,0.90826,0.027523,0.61468,0.49541,0.11009,0.44954,0.44037,0.11009,0.027523,0.44037,0.17431,0.11009,34
0.52128,0.46809,0.52128,0.12766,0.62766,0.68085,0.2766,0.43617,0.68085,0.52128,0.43617,0.90426,0.68085,44
1,0.12782,1,0.82707,0.2782,0.69925,0.61654,0.42105,0.69925,1,0.42105,0.34586,0.69925,26
0.11009,0.9633,0.11009,0.61468,0.66055,0.027523,0.46789,0.49541,0.027523,0.11009,0.49541,0.24771,0.027523,34
0.085,0.79,0.085,0.12,0.11,0.07,0.32,0,0.07,0.085,0,0.425,0.07,31
0.68306,0.33333,0.68306,0.39891,1,0.61749,0.40984,0.68306,0.61749,0.68306,0.68306,0.65574,0.61749,15
0.33884,0.52893,0.33884,0.53719,0.55372,0.42149,0.61983,0,0.42149,0.33884,0,0.29752,0.42149,22
0.094118,0.52941,0.094118,0.47059,0.78235,0.4,0.41176,0.63529,0.4,0.094118,0.63529,0.21176,0.4,18
0.84277,0.018868,0.84277,0.45283,0.40881,0.59748,0.51572,0.34591,0.59748,0.84277,0.34591,0.32075,0.59748,20
0.89103,0.28846,0.89103,1,0.21795,0.55769,0.22436,0.32051,0.55769,0.89103,0.32051,0.22436,0.55769,26
0.076923,0.69872,0.076923,0.59615,0.50641,0.10256,0.50641,0.37821,0.10256,0.076923,0.37821,0.23718,0.10256,34
0.12,0.704,0.12,0.456,0.304,0.12,0.576,0.488,0.12,0.12,0.488,0.24,0.12,34
0.16102,0.88136,0.16102,0.33051,0.10169,0.15254,0.36441,0.22881,0.15254,0.16102,0.22881,0.14407,0.15254,47
0.12153,0.33681,0.12153,0.18056,0.35417,0.041667,0.32986,0.32292,0.041667,0.12153,0.32292,0.21875,0.041667,3
0.08427,0.93258,0.08427,0.56742,0.33146,0.12921,0.29213,0.48315,0.12921,0.08427,0.48315,0.1236,0.12921,34
0,0.24561,0,0.63158,0.36842,0.14912,0.22807,0.2807,0.14912,0,0.2807,0.04386,0.14912,29
0.08,0.75429,0.08,0.45143,0.48,0.04,0.39429,0.43429,0.04,0.08,0.43429,0.2,0.04,34
0.92359,0,0.92359,1,0.38538,0.93355,0.27243,0.42525,0.93355,0.92359,0.42525,0.35548,0.93355,36
0.67416,0.16854,0.67416,0.79775,0.3427,0.71629,0.20225,0.3427,0.71629,0.67416,0.3427,0.34551,0.71629,21
0.71513,0.032641,0.71513,0.66766,0.18991,0.70623,0,0.20178,0.70623,0.71513,0.20178,0.46291,0.70623,6
0.73926,0.046012,0.73926,0.57055,0.17791,0.66258,0.17791,0.15337,0.66258,0.73926,0.15337,0.42025,0.66258,6
0.76949,0.033898,0.76949,0.76271,0.24746,0.77288,0.12542,0.24407,0.77288,0.76949,0.24407,0.39322,0.77288,6
0.86667,0,0.86667,0.36667,0.73333,1,0.33333,0.33333,1,0.86667,0.33333,0.5,1,25
0.40171,0.41026,0.40171,0,0.46154,0.68376,0.38462,0.25641,0.68376,0.40171,0.25641,0.71795,0.68376,44
0.89928,0.38129,0.89928,0.7554,0.58993,0.84173,0.56835,0.27338,0.84173,0.89928,0.27338,0.46043,0.84173,10
0,0.76768,0,0.87879,0.62626,0.22222,0.57576,0.31313,0.22222,0,0.31313,0.12121,0.22222,34
0.64286,0.28571,0.64286,0.92857,0.92857,0.71429,0.64286,1,0.71429,0.64286,1,0.28571,0.71429,15
0.72603,0.57534,0.72603,0.28767,0.72603,0.83562,0.65753,0.49315,0.83562,0.72603,0.49315,1,0.83562,0
0.48276,0.75862,0.48276,0.19828,0.32759,0.18966,0.68103,0.40517,0.18966,0.48276,0.40517,0.7069,0.18966,45
0.80337,0.044944,0.80337,0.53371,0,0.69101,0.53933,0.24719,0.69101,0.80337,0.24719,0.79213,0.69101,19
0.80292,0.029197,0.80292,0.48175,0.072993,0.82482,0.56934,0.10949,0.82482,0.80292,0.10949,0.75182,0.82482,37
0.92369,0.41767,0.92369,0.71486,0.26506,0.91968,0.63454,0,0.91968,0.92369,0,0.80723,0.91968,37
0.76596,0.19149,0.76596,0.78723,0.32553,0.85106,0.55745,0,0.85106,0.76596,0,0.58936,0.85106,37
0.048,0.19,0.048,0.18,0.57,0.1,0.15,1,0.1,0.048,1,0,0.1,46
0.92462,0.01005,0.92462,0.035176,0.0050251,0.94975,0.54774,0.020101,0.94975,0.92462,0.020101,0.50251,0.94975,37
0.32577,0.44925,0.32577,0.82155,0.55059,0.43431,0.34102,0.76744,0.43431,0.32577,0.76744,0.10854,0.43431,1
0.69277,0.55422,0.69277,1,0.27711,0.95783,0.45181,0.36145,0.95783,0.69277,0.36145,0.71687,0.95783,7
0.91101,0.90526,0.91101,0.75595,1,0.74603,0.57738,0.97917,0.74603,0.91101,0.97917,0.87302,0.74603,30
0.55459,0.54585,0.55459,0.33188,0.36245,0.54585,0.32751,0.27948,0.54585,0.55459,0.27948,0.58515,0.54585,11
0.81967,0.098361,0.81967,0.62295,0.55738,0.88525,0.44262,0,0.88525,0.81967,0,0.85246,0.88525,37
0.68405,0.07362,0.68405,0.60429,0.006135,0.83129,0.38957,0,0.83129,0.68405,0,0.40491,0.83129,6
0.87589,0.38186,0.87589,0.70167,0.45107,0.61814,0.72315,0.55847,0.61814,0.87589,0.55847,0.30549,0.61814,10
0.92708,0.61458,0.92708,0.73958,0.8125,0.95833,0.65625,0.71875,0.95833,0.92708,0.71875,0.55208,0.95833,30
0.37129,0.34406,0.37129,0.80074,0.59035,0.49505,0.32178,0.75866,0.49505,0.37129,0.75866,0.12376,0.49505,1
0.3559,0.46528,0.3559,0.46354,0.83854,0.49653,0.3559,1,0.49653,0.3559,1,0.14063,0.49653,41
0.37937,0.48601,0.37937,1,0.67657,0.60315,0.37937,0.91608,0.60315,0.37937,0.91608,0.18182,0.60315,41
0.96629,0.51685,0.96629,0.7809,0.61236,0.56742,0.9382,0.6236,0.56742,0.96629,0.6236,0.41011,0.56742,10
0.125,1,0.125,0.25,0.0625,0,0.3125,0.3125,0,0.125,0.3125,0,0,47
0,0.25,0,0.25,0.5,0,0.25,1,0,0,1,0,0,46
0,1,0,0.5,0.25,0,0.5,0.75,0,0,0.75,0,0,48
0,0,0,0,1,0,0,1,0,0,1,0,0,46
0,1,0,0,0,0,0,0,0,0,0,0,0,31
0.85413,1,0.85413,0.75571,0.75044,0.84183,0.68014,0.75571,0.84183,0.85413,0.75571,0.83656,0.84183,30
0.57143,0.42857,0.57143,0.78571,0.85714,1,0.28571,0.71429,1,0.57143,0.71429,0.75714,1,25
0,1,0,0.15385,0.038462,0.15385,0.42308,0.038462,0.15385,0,0.038462,0.15385,0.15385,31
0.02439,0.081301,0.02439,0.02439,0,0.02439,0.02439,0,0.02439,0.02439,0,0.02439,0.02439,38
0.1,0,0.1,0.3,1,0.3,0.3,1,0.3,0.1,1,0.5,0.3,33
0.5625,0.375,0.5625,0.5625,1,0.5625,0.5625,1,0.5625,0.5625,1,0.5625,0.5625,15
0.090909,0.02139,0.090909,0.20856,0,0.16221,0.02139,0.0017825,0.16221,0.090909,0.0017825,0.033868,0.16221,38
0.1978,0.51648,0.1978,0.087912,0.76923,0.74725,0.15385,0.40659,0.74725,0.1978,0.40659,0.72527,0.74725,2
0.62,0.24,0.62,0.12,0.52,0.62,0.7,0.54,0.62,0.62,0.54,0.62,0.62,5
0.26506,0.81325,0.26506,0.53012,0.60241,0.63253,0.21084,0,0.63253,0.26506,0,0.81325,0.63253,22
0.13462,0.45192,0.13462,0.16346,0.64423,0.55769,0.24038,0.38462,0.55769,0.13462,0.38462,0.56731,0.55769,2
1,0.020202,1,0.82828,0.29293,0.53535,0.63636,0.47475,0.53535,1,0.47475,0.27273,0.53535,26
0.94,0.29,0.94,1,0.64,0.91,0.77,0.78,0.91,0.94,0.78,0.49,0.91,10
1,0.28205,1,0.68376,0.38462,0.70085,0.54701,0.49573,0.70085,1,0.49573,0.42735,0.70085,10
0.018519,0.75926,0.018519,0.31481,0.22222,0.0092593,0.42593,0.38889,0.0092593,0.018519,0.38889,0.30556,0.0092593,34
0.38095,0.7619,0.38095,0.85714,0.44762,0.38095,0.28571,0.45714,0.38095,0.38095,0.45714,0.38095,0.38095,9
0.125,0.73529,0.125,0,0.38971,0.080882,0.34559,0.38235,0.080882,0.125,0.38235,0.50735,0.080882,18
0.036697,0.58716,0.036697,0.36697,0.30275,0.0091743,0.45872,0.3945,0.0091743,0.036697,0.3945,0.3211,0.0091743,34
0.56667,0,0.56667,0.95,0.5,0.8,0.15,0.25,0.8,0.56667,0.25,0.25,0.8,21
0.48743,0.30419,0.48743,0.79641,0.69222,0.6497,0.3485,0.72575,0.6497,0.48743,0.72575,0.16946,0.6497,14
0,0.50182,0,0.072727,0.12,0,0.25818,0.23636,0,0,0.23636,0,0,3
0.12346,1,0.12346,0.16049,0.79012,0,0.45679,0.69136,0,0.12346,0.69136,0.39506,0,4
0.48503,0.30539,0.48503,0.79641,0.69461,0.64671,0.34731,0.72455,0.64671,0.48503,0.72455,0.16766,0.64671,14
0.21092,0.7196,0.21092,0.47395,0.87345,0.23325,0.54342,1,0.23325,0.21092,1,0.55087,0.23325,17
0.125,1,0.125,0.3125,0.8125,0.10938,0.21875,0.34375,0.10938,0.125,0.34375,0.14062,0.10938,34
0.29687,1,0.29687,0.17188,1,0.25,0.46875,1,0.25,0.29687,1,0.45312,0.25,17
0.36483,0.29336,0.36483,0.61434,0.73208,0.53322,0.25192,0.058321,0.53322,0.36483,0.058321,0.12081,0.53322,22
0.41222,0.36439,0.41222,0.60449,0.88052,0.59236,0.26917,1,0.59236,0.41222,1,0.14054,0.59236,41
0.37399,0.31444,0.37399,0.47511,0.80972,0.48989,0.36554,1,0.48989,0.37399,1,0.12402,0.48989,41
0.48227,0.53191,0.48227,0.31915,0.71631,0.75887,0.43262,0.65248,0.75887,0.48227,0.65248,0.9078,0.75887,23
1,0.040541,1,0.83784,0.14865,0.47297,0.78378,0.43243,0.47297,1,0.43243,0.27027,0.47297,26
0.097902,0.83916,0.097902,0.58741,0.4965,0.18881,0.55245,0.53147,0.18881,0.097902,0.53147,0.33566,0.18881,34
0.047619,0.13095,0.047619,0.19841,0.32143,0,0.35317,0.21032,0,0.047619,0.21032,0.25794,0,3
0.13596,0.89474,0.13596,0.57895,0.3114,0.20175,0.32018,0.27632,0.20175,0.13596,0.27632,0.10088,0.20175,47
0.33113,0.64238,0.33113,0.27815,0.61589,0.68212,0.47682,0.5298,0.68212,0.33113,0.5298,0.54305,0.68212,2
0,0.63669,0,0.26259,0.28417,0.3777,0.41007,1,0.3777,0,1,0.48201,0.3777,49
0.14015,0.28788,0.14015,0.16667,0.22348,0.05303,0,0.049242,0.05303,0.14015,0.049242,0.030303,0.05303,38
0.093714,0.51543,0.093714,0.45371,1,0.13829,0.33714,0.90514,0.13829,0.093714,0.90514,0.14057,0.13829,46
0.85915,0.22535,0.85915,0.29577,0,0.80282,0.38028,0.028169,0.80282,0.85915,0.028169,0.67606,0.80282,37
0.1125,0.5625,0.1125,0.45,1,0.1375,0.3375,0.775,0.1375,0.1125,0.775,0.125,0.1375,46
0.62637,0.076923,0.62637,0.098901,0,0.51648,0.14286,0.010989,0.51648,0.62637,0.010989,0.36264,0.51648,43
0.88889,0.44444,0.88889,0.51852,0,0.85185,0.59259,0.14815,0.85185,0.88889,0.14815,0.77778,0.85185,37
0.49602,0.17507,0.49602,0.70822,0.43501,0.5756,0.018568,0.22546,0.5756,0.49602,0.22546,0.23077,0.5756,21
0.95,0.69167,0.95,0.85,0.83333,0.98333,0.76667,0,0.98333,0.95,0,0.96667,0.98333,35
0.67532,0.49351,0.67532,0.23377,0.58442,1,0.58442,0.48052,1,0.67532,0.48052,0.81818,1,0
0.79348,0.66304,0.79348,0.27174,0.51087,0.31522,0.8913,0.63043,0.31522,0.79348,0.63043,0.81522,0.31522,13
0.75556,0.62222,0.75556,0.33333,0.73333,0.86667,0.64444,0.4,0.86667,0.75556,0.4,1,0.86667,0
0.74671,0.49507,0.74671,0.31743,0.78289,0.79276,0.64309,0.46546,0.79276,0.74671,0.46546,0.96382,0.79276,0
0.4375,0.54167,0.4375,0.28125,0.72917,0.71875,0.30208,0.5,0.71875,0.4375,0.5,0.875,0.71875,44
1,0.15929,1,0.61947,0.21239,0.62832,0.57522,0.28319,0.62832,1,0.28319,0.24779,0.62832,20
0.54938,0.4321,0.54938,0.32716,0.65432,0.83333,0.34568,0.58025,0.83333,0.54938,0.58025,0.76543,0.83333,23
1,0,1,0.45562,0.2071,0.73964,0.6213,0.28402,0.73964,1,0.28402,0.26036,0.73964,20
0.23361,0.44262,0.23361,0.14754,0.68852,0.17213,0.60656,0.46311,0.17213,0.23361,0.46311,0.47541,0.17213,18
0.28634,1,0.28634,0.29956,0.96916,0.43612,0.8326,0.73128,0.43612,0.28634,0.73128,0.37004,0.43612,17
0.43307,0.50787,0.43307,0.13386,1,0.46457,0.51575,0.38583,0.46457,0.43307,0.38583,0.35039,0.46457,27
0.24231,0.026354,0.24231,0.026354,0.026354,0.14056,0.25329,1,0.14056,0.24231,1,0.3858,0.14056,49
0.49438,0.75281,0.49438,0.60112,1,0.47753,0.65169,0.8427,0.47753,0.49438,0.8427,0.62921,0.47753,15
0.25525,0.69628,0.25525,0.29887,1,0.35541,0.55412,0.77868,0.35541,0.25525,0.77868,0.41842,0.35541,17
0.27451,0.4902,0.27451,0.33333,1,0.15686,0.35294,0.5098,0.15686,0.27451,0.5098,0.39216,0.15686,4
0.49141,0.27491,0.49141,0.80619,0.68729,0.64261,0.35258,0.72165,0.64261,0.49141,0.72165,0.189,0.64261,14
0.96667,0.11111,0.96667,0.35556,0.066667,0.92222,0.42222,0,0.92222,0.96667,0,0.7,0.92222,37
0.4931,0.041379,0.4931,0.72759,0.26897,0.65172,0.17931,0.27931,0.65172,0.4931,0.27931,0.13448,0.65172,21
0.29687,0.92188,0.29687,0.17188,1,0.25,0.46875,1,0.25,0.29687,1,0.45312,0.25,17
0.40054,0.53495,0.40054,0.90323,0.79032,0.55914,0.38441,1,0.55914,0.40054,1,0.20699,0.55914,41
0.99754,0.99344,0.99754,0.90164,1,0.96803,0.95984,0.99508,0.96803,0.99754,0.99508,0.99918,0.96803,30
0.23659,0.18582,0.23659,0,0.14655,0.095785,0.29789,0.10536,0.095785,0.23659,0.10536,0.45594,0.095785,3
0.39444,0.47222,0.39444,0.86111,0.83333,0.53333,0.36667,1,0.53333,0.39444,1,0.10556,0.53333,41
0.64706,0.23529,0.64706,0.85294,0.52941,0.82353,0.23529,0.52941,0.82353,0.64706,0.52941,0.29412,0.82353,7
0.23364,0.14019,0.23364,0.68224,0.3271,0.30841,0.14019,0.3271,0.30841,0.23364,0.3271,0,0.30841,29
0.41053,0.54737,0.41053,0.21053,0.74737,0.82105,0.31579,0.46316,0.82105,0.41053,0.46316,0.81053,0.82105,44
1,0.094118,1,0.71765,0.15294,0.44706,0.67059,0.41176,0.44706,1,0.41176,0.30588,0.44706,26
0.04,0.66667,0.04,0.42667,0.36667,0.11333,0.42,0.31333,0.11333,0.04,0.31333,0.24,0.11333,34
0.40698,0.52326,0.40698,0.17442,0.77907,0.84884,0.24419,0.46512,0.84884,0.40698,0.46512,0.86047,0.84884,44
0.95062,0.037037,0.95062,0.80247,0.1358,0.46914,0.75309,0.38272,0.46914,0.95062,0.38272,0.24691,0.46914,26
0,0.76515,0,0.35606,0.40152,0.083333,0.38636,0.33333,0.083333,0,0.33333,0.25,0.083333,34
0,1,0,0.58462,0.29231,0.16923,0.63077,0.30769,0.16923,0,0.30769,0.21538,0.16923,34
1,0.056738,1,0.80142,0.21277,0.6383,0.51064,0.37589,0.6383,1,0.37589,0.36879,0.6383,26
1,0.093617,1,0.34043,0.13191,0.48511,0.13191,0.17021,0.48511,1,0.17021,0.30638,0.48511,20
0.83459,0.037594,0.83459,0.94737,0.2406,0.63158,0.66165,0.45113,0.63158,0.83459,0.45113,0.3609,0.63158,26
1,0,1,0.52881,0.10494,0.83333,0.17284,0.17901,0.83333,1,0.17901,0.43621,0.83333,19
0.42975,0.38017,0.42975,0.19008,0.66942,0.7438,0.26446,0.59504,0.7438,0.42975,0.59504,0.80165,0.7438,44
1,0.14085,1,0.88732,0.23944,0.50704,0.78873,0.4507,0.50704,1,0.4507,0.33803,0.50704,26
0.19504,0.56738,0.19504,0.35106,0.20213,0.01773,0.21277,0.10638,0.01773,0.19504,0.10638,0.11348,0.01773,32
0.047809,0.21514,0.047809,0.19323,0.23307,0.041833,0.045817,0.15139,0.041833,0.047809,0.15139,0.033865,0.041833,38
0.125,0.30729,0.125,0.098958,0.29427,0.16927,0.1849,0.125,0.16927,0.125,0.125,0.29427,0.16927,3
0.13836,0.6478,0.13836,0.32075,0.43396,0.40881,0.54717,0.51572,0.40881,0.13836,0.51572,0.40252,0.40881,18
0.3273,0.28215,0.3273,0.74136,0.50059,0.44157,0.25888,0.62685,0.44157,0.3273,0.62685,0.10205,0.44157,1
0.61635,0.27358,0.61635,0.72327,0.53459,0.80818,0.61635,0.5566,0.80818,0.61635,0.5566,0.54717,0.80818,7
0.42188,0.18359,0.42188,0.61328,0.16797,0.68359,0.35156,0.11719,0.68359,0.42188,0.11719,0.28906,0.68359,43
0.47418,0.12207,0.47418,0.5446,0.10798,0.71362,0.11737,0.1784,0.71362,0.47418,0.1784,0.24883,0.71362,43
0.41989,0.13812,0.41989,0.53591,0,0.69613,0.1326,0.055249,0.69613,0.41989,0.055249,0.22099,0.69613,43
0.11111,0.85185,0.11111,0.55556,1,0.25926,0.77778,0.74074,0.25926,0.11111,0.74074,0.55556,0.25926,17
0.16,0.7,0.16,0.6,1,0.18,0.58,0.72,0.18,0.16,0.72,0.42,0.18,17
0.67442,0.13953,0.67442,0.4186,0,0.90698,0.4186,0.37209,0.90698,0.67442,0.37209,0.51163,0.90698,40
0.71975,0.14013,0.71975,0.53503,0,0.85987,0.25796,0.21975,0.85987,0.71975,0.21975,0.35987,0.85987,6
0.37363,0.40659,0.37363,0,0.65934,0.65934,0.26374,0.21978,0.65934,0.37363,0.21978,0.72527,0.65934,44
0.89256,0.47107,0.89256,0.61157,0.39669,0.7686,0.7438,0.28099,0.7686,0.89256,0.28099,0.52066,0.7686,10
0.29412,0.54118,0.29412,0.90588,0.30588,0.058824,0.52941,0.88235,0.058824,0.29412,0.88235,0.16471,0.058824,48
0.67903,0.48593,0.67903,0.23146,0.59719,1,0.5665,0.57801,1,0.67903,0.57801,0.85038,1,0
0.53488,0.4186,0.53488,0.23643,0.85659,0.87209,0.57364,0.84884,0.87209,0.53488,0.84884,1,0.87209,23
0.28542,0.075366,0.28542,0.21284,0.15143,1,0.4522,0.062107,1,0.28542,0.062107,0.32868,1,12
0.22353,0,0.22353,0.55588,0.15294,0.93529,0.59412,0.052941,0.93529,0.22353,0.052941,0.22353,0.93529,12
0.23037,0.038287,0.23037,0.15574,0.095393,1,0.47177,0.027904,1,0.23037,0.027904,0.30954,1,12
0.18337,0,0.18337,0.42543,0.12714,0.90465,0.61858,0.061125,0.90465,0.18337,0.061125,0.23716,0.90465,12
0.45161,0.18761,0.45161,0.3871,0.32343,1,0.38879,0.16553,1,0.45161,0.16553,0.38455,1,40
0.32414,0.068966,0.32414,0.83448,0.25172,0.74138,0.34483,0.075862,0.74138,0.32414,0.075862,0.14828,0.74138,21
0.65653,0.28571,0.65653,0.22391,0.2462,1,0.46505,0.29281,1,0.65653,0.29281,0.82877,1,40
0.54146,0.092683,0.54146,0.4,0,0.61951,0.34634,0.087805,0.61951,0.54146,0.087805,0.53171,0.61951,43
0.68511,0.0092227,0.68511,0.10804,0,1,0.30105,0.011199,1,0.68511,0.011199,0.60145,1,40
0.27718,0.0084706,0.27718,0.10165,0.034824,1,0.39906,0,1,0.27718,0,0.29176,1,12
0.33818,0.13818,0.33818,0.10909,0.090909,0.36364,0.2,0.010909,0.36364,0.33818,0.010909,0.45091,0.36364,24
0.59259,0.69476,0.59259,0.22222,0.69604,0.97573,0.4636,0.7599,0.97573,0.59259,0.7599,1,0.97573,23
0.39385,0.54371,0.39385,0.051873,0.54179,0.72622,0.29203,0.53218,0.72622,0.39385,0.53218,1,0.72622,44
0.82949,0.63748,0.82949,0.27957,0.56068,1,0.89247,0.42704,1,0.82949,0.42704,0.54531,1,0
0.54047,0.42466,0.54047,0.18306,0.55542,1,0.41719,0.23412,1,0.54047,0.23412,0.39726,1,40
0.64234,0.012162,0.64234,0.15045,0.0036036,1,0.19144,0.00045045,1,0.64234,0.00045045,0.44234,1,40
0.57671,0.53562,0.57671,0.23151,1,0.98219,0.56438,0.76575,0.98219,0.57671,0.76575,0.77123,0.98219,23
0.65082,0.63279,0.65082,0.40164,0.46393,0.97213,0.61803,0.43443,0.97213,0.65082,0.43443,0.48852,0.97213,0
0.74282,0.040929,0.74282,0.17471,0.018937,1,0.2694,0,1,0.74282,0,0.55528,1,40
0.81443,0,0.81443,0.59107,0.027491,0.74227,0.2646,0.29897,0.74227,0.81443,0.29897,0.46735,0.74227,19
0.88422,0.0061475,0.88422,0.64857,0,0.9416,0.30533,0.33299,0.9416,0.88422,0.33299,0.40574,0.9416,36
0.44118,0,0.44118,0.67647,0,0.52941,0.11765,0,0.52941,0.44118,0,0.14706,0.52941,43
0.081694,0.78215,0.081694,0.52799,1,0.10439,0.40545,0.8472,0.10439,0.081694,0.8472,0.2118,0.10439,46
0.31056,0.50104,0.31056,0.77433,0.68323,0.18427,0.3147,1,0.18427,0.31056,1,0,0.18427,46
0.20594,0.8961,0.20594,0.33952,1,0.35065,0.60111,0.52876,0.35065,0.20594,0.52876,0.64564,0.35065,4
0.66216,0.75493,0.66216,0.31948,0.74297,0.56197,0.74281,0.53521,0.56197,0.66216,0.53521,0.89862,0.56197,13
0.62941,0.57162,0.62941,0.22981,0.53034,0.43507,0.63097,0.47847,0.43507,0.62941,0.47847,0.82552,0.43507,11
0.96522,0,0.96522,0.74435,0.8,0.8313,0.77217,0.50261,0.8313,0.96522,0.50261,0.70609,0.8313,10
0.74906,1,0.74906,0.56211,0.65997,0.65119,0.7202,0.70263,0.65119,0.74906,0.70263,0.75157,0.65119,13
0.50091,0.34244,0.50091,0,0.091075,0.48087,0.12568,0.12204,0.48087,0.50091,0.12204,0.48634,0.48087,43
0.512,0.9856,0.512,1,0.29051,0.39424,0.4832,0.75268,0.39424,0.512,0.75268,0.56663,0.39424,9
0.40052,0.31675,0.40052,0.27749,1,0.35079,0.8185,0.58901,0.35079,0.40052,0.58901,0.4651,0.35079,27
0.4,0.4875,0.4,0.1,0.75,0.8375,0.2125,0.375,0.8375,0.4,0.375,0.8375,0.8375,44
0.52747,0.43956,0.52747,0.16484,0.61538,0.71429,0.31868,0.51648,0.71429,0.52747,0.51648,0.82418,0.71429,44
0.96591,0.13636,0.96591,0.86364,0.20455,0.5,0.68182,0.5,0.5,0.96591,0.5,0.25,0.5,26
1,0.24031,1,0.78295,0.24031,0.62016,0.58915,0.24031,0.62016,1,0.24031,0.35659,0.62016,20
0.015748,0.62205,0.015748,0.62205,0.3622,0,0.44094,0.33071,0,0.015748,0.33071,0.27559,0,34
0,0.93878,0,0.58163,0.40816,0.010204,0.41837,0.38776,0.010204,0,0.38776,0.10204,0.010204,34
0.54762,0.14286,0.54762,0,0.5,0.57143,0.83333,0.30952,0.57143,0.54762,0.30952,0.66667,0.57143,5
0.58197,0.48361,0.58197,0.21311,0.5,0.7541,0.22131,0.36066,0.7541,0.58197,0.36066,0.71311,0.7541,44
0.22222,0.44444,0.22222,0.098765,0.69136,0.71605,0.40741,0.51852,0.71605,0.22222,0.51852,0.62963,0.71605,2
1,0.040404,1,0.68687,0.33333,0.35354,0.48485,0.39394,0.35354,1,0.39394,0.22222,0.35354,26
0.60177,0.38938,0.60177,0.63717,0.16814,0.35398,0.38938,0.39823,0.35398,0.60177,0.39823,0.24779,0.35398,43
1,0.14563,1,0.62136,0.23301,0.4466,0.59223,0.42718,0.4466,1,0.42718,0.37864,0.4466,26
0.05303,0.91667,0.05303,0.57955,0.44697,0,0.10606,0,0,0.05303,0,0.26136,0,47
0.40828,0.73373,0.40828,0.31953,0.39053,0.39645,0.66272,0.76923,0.39645,0.40828,0.76923,0.51479,0.39645,9
0.12698,0.42857,0.12698,0.69841,0.72222,0.3254,0.40476,0.3254,0.3254,0.12698,0.3254,0.43651,0.3254,22
0.079137,0.59712,0.079137,1,0.33813,0.079137,0.51799,0.36691,0.079137,0.079137,0.36691,0.38129,0.079137,34
0.315,1,0.315,0.405,0.785,0.04,0.76,0.71,0.04,0.315,0.71,0.605,0.04,17
0.73889,0.016667,0.73889,0.55,0.055556,1,0.27778,0.061111,1,0.73889,0.061111,0.28889,1,6
1,0.039813,1,0.58314,0,0.77283,0.19906,0.16159,0.77283,1,0.16159,0.3466,0.77283,19
0.89443,0.088292,0.89443,0.53935,0,0.70058,0.26104,0.20921,0.70058,0.89443,0.20921,0.36468,0.70058,19
0.87903,0.1371,0.87903,0.54032,0,0.69355,0.34677,0.26613,0.69355,0.87903,0.26613,0.41129,0.69355,19
0.43379,0,0.43379,0.379,0.22374,0.69178,0.46119,0.068493,0.69178,0.43379,0.068493,0.60959,0.69178,43
0.95957,0.4234,0.95957,0.63191,0.31702,1,0.5766,0.30851,1,0.95957,0.30851,0.59787,1,37
0.77515,0.055227,0.77515,0.31361,0,0.61933,0.11834,0.22091,0.61933,0.77515,0.22091,0.14596,0.61933,43
0.90678,0.13729,0.90678,0.21017,0,0.69322,0.13729,0.12542,0.69322,0.90678,0.12542,0.32373,0.69322,19
0.91946,0.02349,0.91946,0.62081,0,0.83557,0.31208,0.27517,0.83557,0.91946,0.27517,0.39262,0.83557,19
0.4898,0.71429,0.4898,0.5,1,0.34184,0.28571,0.16327,0.34184,0.4898,0.16327,0.56122,0.34184,27
0.28571,0.58503,0.28571,0.18367,0.027211,0.34014,0.66667,0.19728,0.34014,0.28571,0.19728,0.82313,0.34014,24
0.59111,0.82,0.59111,0.51556,0.32,0.61778,1,0.72667,0.61778,0.59111,0.72667,0.94222,0.61778,13
0.068657,0.80597,0.068657,0.27463,0.7806,0.056716,0.15672,1,0.056716,0.068657,1,0.13134,0.056716,28
0.41053,0.54737,0.41053,0.21053,0.74737,0.82105,0.31579,0.46316,0.82105,0.41053,0.46316,0.81053,0.82105,44
1,0.094118,1,0.71765,0.15294,0.44706,0.67059,0.41176,0.44706,1,0.41176,0.30588,0.44706,26
0.052632,0.67105,0.052632,0.43421,0.375,0.13158,0.42105,0.32237,0.13158,0.052632,0.32237,0.25658,0.13158,34
0.73913,0.47826,0.73913,0.86957,0.78261,1,0.56522,0.73913,1,0.73913,0.73913,0.86957,1,25
1,0.078947,1,0.68421,0.13158,0.47368,0.39474,0.13158,0.47368,1,0.13158,0.21053,0.47368,20
0.43137,0.5098,0.43137,0.21569,1,0.58824,0.41176,0.56863,0.58824,0.43137,0.56863,0.72549,0.58824,2
0.61905,0.8254,0.61905,0.12698,0.77778,0.55556,0.047619,0.36508,0.55556,0.61905,0.36508,1,0.55556,11
0.39252,0.71028,0.39252,0.046729,0.24299,0.78505,0.33645,0.30841,0.78505,0.39252,0.30841,1,0.78505,44
0.57895,0.68421,0.57895,0.32456,0.42105,1,0.41228,0.5614,1,0.57895,0.5614,0.84211,1,0
0.61111,0.51389,0.61111,0.5,0.54861,0.95139,0.45833,0.375,0.95139,0.61111,0.375,1,0.95139,0
0.77099,0.71756,0.77099,0.43511,0.58779,0.82443,0.38931,0.83969,0.82443,0.77099,0.83969,0.9313,0.82443,13
0.84615,0.39053,0.84615,0.45562,0.7574,0.94675,0.3432,0.79882,0.94675,0.84615,0.79882,1,0.94675,25
0.79245,0.53585,0.79245,0.63019,0.78868,0.91698,0.57736,0.73962,0.91698,0.79245,0.73962,0.82642,0.91698,25
0.7734,0.3399,0.7734,0.64039,0.87192,0.93596,0.58621,0.72906,0.93596,0.7734,0.72906,0.75369,0.93596,25
0.6911,0.27225,0.6911,0.65445,0.94241,0.98953,0.46597,0.79058,0.98953,0.6911,0.79058,0.85864,0.98953,25
0.59538,0.26012,0.59538,0.68786,0.75723,1,0.45087,0.63584,1,0.59538,0.63584,0.71676,1,25
0.61644,0.35616,0.61644,0.65068,0.85616,1,0.46575,0.71918,1,0.61644,0.71918,0.69863,1,25
0.33333,0.2069,0.33333,0.48276,1,0.8046,0.10345,0.54023,0.8046,0.33333,0.54023,0.3908,0.8046,2
0.42169,0.56627,0.42169,0.38554,0.54217,0.22892,0.90361,0.3494,0.22892,0.42169,0.3494,0.28916,0.22892,45
0.47525,0.47525,0.47525,0.71287,0.64356,0.31683,0.91089,0.58416,0.31683,0.47525,0.58416,0.55446,0.31683,45
0.40299,0.53731,0.40299,0.70149,0.49254,0,0.95522,0.67164,0,0.40299,0.67164,0.34328,0,45
0.84545,0.49091,0.84545,0.74545,0.61818,0.063636,0.58182,0.70909,0.063636,0.84545,0.70909,0.45455,0.063636,16
0.91892,0,0.91892,0.74775,0.22523,0.56757,0.51351,0.71171,0.56757,0.91892,0.71171,0.20721,0.56757,26
0.89785,0.010753,0.89785,0.71505,0.24194,0.66129,0.75269,0.5914,0.66129,0.89785,0.5914,0.43548,0.66129,26
0.82479,0.098291,0.82479,0.85897,0.27778,0.62821,0.60256,0.52137,0.62821,0.82479,0.52137,0.42308,0.62821,26
0.87838,0.32883,0.87838,0.81532,0.32883,0.68919,0.61261,0.53604,0.68919,0.87838,0.53604,0.45946,0.68919,10
1,0.49635,1,0.82482,0.20438,0.81022,0.46715,0.49635,0.81022,1,0.49635,0.61314,0.81022,10
0.60952,0.3619,0.60952,0.44762,0.2381,0.4381,1,0.42857,0.4381,0.60952,0.42857,0.13333,0.4381,45
0.63043,0.65217,0.63043,0.57609,0.032609,0.032609,0.80435,0.40217,0.032609,0.63043,0.40217,0.17391,0.032609,45
0.33708,0.66292,0.33708,0.44944,0.10112,0.24719,0.94382,0.58427,0.24719,0.33708,0.58427,0.51685,0.24719,45
0.5098,0.7451,0.5098,0.85294,0.088235,0.058824,1,0.52941,0.058824,0.5098,0.52941,0.45098,0.058824,45
0.61333,0.76,0.61333,1,0,0.61333,0.48,0.64,0.61333,0.61333,0.64,0.49333,0.61333,7
0.51807,0.56627,0.51807,0.72289,0.21687,0.86747,0.43373,0.66265,0.86747,0.51807,0.66265,0.22892,0.86747,7
0.43421,0.15789,0.43421,0.68421,1,0.43421,0.22368,0.64474,0.43421,0.43421,0.64474,0,0.43421,1
0.21053,0.27368,0.21053,0.53684,0.55789,0.32632,0.66316,0.48421,0.32632,0.21053,0.48421,0.35789,0.32632,27
0.069444,0.79861,0.069444,0.25,0.47917,0,0.49306,0.46528,0,0.069444,0.46528,0.20833,0,34
0,0.61947,0,0.35841,0.57965,0.14159,0.33628,0.20354,0.14159,0,0.20354,0.26106,0.14159,34
0,0.73463,0,0.2945,0.45631,0.20388,0.52104,0.35275,0.20388,0,0.35275,0.29126,0.20388,34
0,0.50307,0,0.15337,0.35583,0.058282,0.34356,0.29141,0.058282,0,0.29141,0.23006,0.058282,3
0.041841,0.61088,0.041841,0.18828,0.27615,0,0.42259,0.42259,0,0.041841,0.42259,0.27615,0,34
0.35897,0.81538,0.35897,0.46667,0.19487,0,0.40513,0.34872,0,0.35897,0.34872,0.42051,0,47
0.31405,0.72727,0.31405,0.15702,0.41322,0.21488,0.1405,0.28926,0.21488,0.31405,0.28926,0.1157,0.21488,47
0.57018,0.61404,0.57018,0.37719,0.18421,0,0.052632,0.14035,0,0.57018,0.14035,0.11404,0,32
0.67742,0.52688,0.67742,0.26882,0.19355,0.74194,0.44086,0.47312,0.74194,0.67742,0.47312,0.56989,0.74194,7
0.20345,0.78621,0.20345,0.56897,0.94483,0.20345,0.83448,0.67586,0.20345,0.20345,0.67586,0.57931,0.20345,17
0.18468,0.68369,0.18468,0.64244,1,0.14735,0.62868,0.76424,0.14735,0.18468,0.76424,0.42829,0.14735,17
0.054286,0.64571,0.054286,0.37714,1,0.031429,0.30857,0.37714,0.031429,0.054286,0.37714,0.21714,0.031429,34
0.16296,0.61481,0.16296,0.4963,0.15556,0.26667,0.95556,1,0.26667,0.16296,1,0.13333,0.26667,49
0.23913,0.34783,0.23913,0.021739,0.66304,0.59783,0.22826,0.52174,0.59783,0.23913,0.52174,1,0.59783,2
0.56643,0.92308,0.56643,0.66434,1,0,0.86713,0.90909,0,0.56643,0.90909,0.28671,0,17
0.25641,0.30769,0.25641,0.32967,0.16117,0.18315,0.42491,0.49084,0.18315,0.25641,0.49084,0.13553,0.18315,39
0.68254,0.36508,0.68254,0.77778,0.10317,0.30952,0.20635,0.23016,0.30952,0.68254,0.23016,0.14286,0.30952,43
0.12186,0.34409,0.12186,0.20072,0.14695,0.23656,0.24014,0.21505,0.23656,0.12186,0.21505,0,0.23656,3
0.31879,0.53356,0.31879,0.60067,0.29195,0.19128,0.46309,0.40268,0.19128,0.31879,0.40268,0.13423,0.19128,47
0.55285,0.76423,0.55285,0.53659,0.90244,0.87805,0.45528,0.62602,0.87805,0.55285,0.62602,1,0.87805,23
0,0.33128,0,0.29276,0,0,0.19106,0,0,0,0,0,0,38
0.20601,0.58369,0.20601,0.29614,0.23176,0.28326,0.1588,0.25751,0.28326,0.20601,0.25751,0.26609,0.28326,47
0.96491,0,0.96491,0.92105,0.35088,0.37719,0.68421,0.80702,0.37719,0.96491,0.80702,0.28947,0.37719,16
0.43534,0.50862,0.43534,0.46983,0.39224,0.5431,0.50862,0.51293,0.5431,0.43534,0.51293,0.42672,0.5431,27
0.22642,0.30752,0.22642,0.57248,0.2044,0,0.29468,0.38018,0,0.22642,0.38018,0.22606,0,32
0.21209,0.15856,0.21209,0.3271,0.012295,0.018186,0.19211,0.10835,0.018186,0.21209,0.10835,0.024078,0.018186,38
0.95565,0.3125,0.95565,0.74496,0.47228,1,0.62248,0,1,0.95565,0,0.84325,1,35
0.65274,0.34465,0.65274,0.77023,0.36554,0.80418,0.41514,0,0.80418,0.65274,0,0.48042,0.80418,6
0.63768,0.61905,0.63768,0.23188,0.43892,0.5766,0.61077,0.3323,0.5766,0.63768,0.3323,0.86335,0.5766,11
0.9821,0.81146,0.9821,0.70585,0.47554,1,0.642,0,1,0.9821,0,0.88842,1,35
0.92473,0.88614,0.92473,0.51739,0.42878,0.91091,0.64078,0,0.91091,0.92473,0,0.95379,0.91091,35
0.57879,0.52504,0.57879,0.88328,0.79234,0.63954,0.5232,0.92194,0.63954,0.57879,0.92194,0.34499,0.63954,15
0.94915,0.57288,0.94915,0.57288,0.22373,0.87797,0.67797,0,0.87797,0.94915,0,0.82034,0.87797,37
0.8937,0.14961,0.8937,0.59449,0,0.94094,0.35827,0.13386,0.94094,0.8937,0.13386,0.44094,0.94094,19
0.25,0.6875,0.25,1,0.4375,0.375,0,0.0625,0.375,0.25,0.0625,0.25,0.375,42
0.25,0.6875,0.25,1,0.4375,0.375,0,0.0625,0.375,0.25,0.0625,0.25,0.375,42
0,0.58824,0,0.20588,0.17647,0.029412,0.44118,0.088235,0.029412,0,0.088235,0.11765,0.029412,3
0.34783,0.21739,0.34783,0.65217,0.13043,0.26087,0.21739,0.17391,0.26087,0.34783,0.17391,0.3913,0.26087,24
0.13043,1,0.13043,0.043478,0.30435,0,0.17391,0.26087,0,0.13043,0.26087,0.56522,0,31
0.24138,0.62069,0.24138,0.27586,0.13793,0.068966,0.2069,0,0.068966,0.24138,0,0.2069,0.068966,32
0.48387,0.096774,0.48387,0.19355,0.25806,0.83871,0.16129,0.48387,0.83871,0.48387,0.48387,0.35484,0.83871,40
0.35294,0.23529,0.35294,0,1,0.52941,0.23529,0.58824,0.52941,0.35294,0.58824,0.70588,0.52941,2
0.6,0.46667,0.6,0.33333,0.53333,0.6,0.46667,0.66667,0.6,0.6,0.66667,1,0.6,23
0.14815,0.25926,0.14815,0.48148,0.51852,0.44444,0.18519,0.37037,0.44444,0.14815,0.37037,0.66667,0.44444,22
0.48276,0.17241,0.48276,0.27586,0.34483,0.48276,0.2069,0.27586,0.48276,0.48276,0.27586,0.44828,0.48276,43
0.59091,0.27273,0.59091,0.5,1,0.86364,0.31818,0.36364,0.86364,0.59091,0.36364,0.31818,0.86364,25
0.26316,0.26316,0.26316,0.052632,0.89474,0.31579,0.36842,1,0.31579,0.26316,1,0.63158,0.31579,33
0.20588,0.11765,0.20588,0.35294,0.58824,0.20588,0.29412,0.29412,0.20588,0.20588,0.29412,0.32353,0.20588,24
0.051282,0.17949,0.051282,0.20513,0.33333,0.17949,0.076923,0.23077,0.17949,0.051282,0.23077,0.20513,0.17949,3
0.27778,0.72222,0.27778,0.44444,0.61111,0.44444,0.38889,0.72222,0.44444,0.27778,0.72222,0.5,0.44444,9
0.37037,0.51852,0.37037,0.18519,0.48148,0.18519,0.77778,0.40741,0.18519,0.37037,0.40741,0.25926,0.18519,45
0.60976,0.55488,0.60976,0.25,0.66463,0.71951,0.36585,0.46951,0.71951,0.60976,0.46951,0.92073,0.71951,44
0.051613,0.8129,0.051613,0.096774,0.070968,0.2,0.48387,0,0.2,0.051613,0,0.48387,0.2,31
0.84333,0.65667,0.84333,0.60667,0.77667,0.94333,0.62667,0.77,0.94333,0.84333,0.77,0.98333,0.94333,30
0.84227,0.63091,0.84227,0.75079,1,0.77287,0.653,0.81388,0.77287,0.84227,0.81388,0.84227,0.77287,30
1,0.050847,1,0.76271,0.14407,0.61864,0.5339,0.45763,0.61864,1,0.45763,0.22881,0.61864,26
0.96203,0.23418,0.96203,0.72152,0.32911,0.74684,0.62025,0.53797,0.74684,0.96203,0.53797,0.34177,0.74684,10
0.57658,0.099099,0.57658,0.76577,0.054054,0,0.33333,0.43243,0,0.57658,0.43243,0.33333,0,32
0,0.77778,0,0.76068,0.59829,0.034188,0.53846,0.69231,0.034188,0,0.69231,0.08547,0.034188,48
0.074074,0.75926,0.074074,0.68519,0.28704,0.18519,0.33333,0.39815,0.18519,0.074074,0.39815,0.092593,0.18519,34
0.060606,0.67424,0.060606,0.81818,0.74242,0.060606,0.57576,0.68182,0.060606,0.060606,0.68182,0.17424,0.060606,48
0.112,0.432,0.112,0.584,0.584,0.256,0.576,0.56,0.256,0.112,0.56,0.184,0.256,34
0.11429,0.44762,0.11429,0.39048,0.37143,0.25714,0.60952,0.33333,0.25714,0.11429,0.33333,0.20952,0.25714,34
0,0.78992,0,0.79832,0.61345,0.07563,0.52941,0.7479,0.07563,0,0.7479,0.10084,0.07563,48
0.5,0,0.5,0.63462,0.057692,0.61538,0.13462,0.28846,0.61538,0.5,0.28846,0.038462,0.61538,43
0.48299,0.21583,0.48299,0.70996,0.32529,0.62585,0.26964,0.6141,0.62585,0.48299,0.6141,0.14657,0.62585,14
0.87179,0.25641,0.87179,0.61538,0,0.84615,0.46154,0.30769,0.84615,0.87179,0.30769,0.5641,0.84615,19
0.0691,0.77966,0.0691,0.2751,0.61082,0.014342,0.46284,1,0.014342,0.0691,1,0.16754,0.014342,28
0.14867,0.67461,0.14867,0.59187,0.79944,0.030856,0.39551,1,0.030856,0.14867,1,0.36045,0.030856,46
0.30769,0.61538,0.30769,0.92308,0.30769,0.46154,0.30769,0.23077,0.46154,0.30769,0.23077,0.30769,0.46154,42
0.57742,0.20645,0.57742,0.99032,0.51613,0.83548,0.17419,0.26774,0.83548,0.57742,0.26774,0.26774,0.83548,21
0.78512,0.090909,0.78512,0.27273,0.56198,1,0.43802,0.42149,1,0.78512,0.42149,0.65289,1,0
0.83954,0.04878,0.83954,0.34788,0.42875,0.69063,0.69961,0.2991,0.69063,0.83954,0.2991,0.94865,0.69063,37
0.1671,0,0.1671,0.85604,0.42931,0.35604,0.098972,0.46787,0.35604,0.1671,0.46787,0.22494,0.35604,29
0.18906,0.34721,0.18906,0.70273,0,0.12723,0.85493,0.24257,0.12723,0.18906,0.24257,0.36742,0.12723,32
0.58949,0.14614,0.58949,0.70443,0.57143,0.90148,0.3711,0.72578,0.90148,0.58949,0.72578,0.78818,0.90148,25
0,0.90897,0,0.85696,0.011704,0.42783,0,0,0.42783,0,0,0.10273,0.42783,42
0.68731,0,0.68731,0.9226,0.19814,0.78328,0.31889,0.22291,0.78328,0.68731,0.22291,0.28173,0.78328,6
0.43363,0.45133,0.43363,0.15044,0.65487,0.69912,0.24779,0.49558,0.69912,0.43363,0.49558,0.81416,0.69912,44
0.18865,0.6047,0.18865,0.36993,0.55489,0.54982,0.90452,0.5203,0.54982,0.18865,0.5203,0.43635,0.54982,27
1,0,1,0.902,0.22829,0.64699,0.76169,0.62027,0.64699,1,0.62027,0.28953,0.64699,26
0.094536,0.24407,0.094536,0.1578,0.24551,0.078361,0.28577,0.15025,0.078361,0.094536,0.15025,0.29367,0.078361,3
0.25092,0.69678,0.25092,0.5832,0.39778,0.25198,0.30111,0.26307,0.25198,0.25092,0.26307,0.16799,0.25198,47
0.28895,0.94505,0.28895,0.67809,0.69554,0.40724,0.84615,1,0.40724,0.28895,1,0.49063,0.40724,17
0.039211,0.21531,0.039211,0.15356,0.30242,0,0.051186,0.32402,0,0.039211,0.32402,0.067856,0,3
0.27996,1,0.27996,0,0.24711,0.12252,0.51258,0.61793,0.12252,0.27996,0.61793,0.09707,0.12252,47
0.098945,0.47765,0.098945,0.27273,0.29282,0.19789,0.25063,0,0.19789,0.098945,0,0.29181,0.19789,3
0.1987,0.97948,0.1987,0.6933,0.63283,0.22246,0.64363,0.51512,0.22246,0.1987,0.51512,0.41361,0.22246,34
0.96154,0.97552,0.96154,0.1958,0.55944,0.71678,0.31469,1,0.71678,0.96154,1,0.43706,0.71678,13
0.40828,0.22483,0.40828,0,0.68828,0.77103,1,0.55034,0.77103,0.40828,0.55034,0.61655,0.77103,5
0.36628,0.34012,0.36628,1,0.15988,0.049419,0.036337,0.21076,0.049419,0.36628,0.21076,0.15988,0.049419,32
0.045051,1,0.045051,0.40847,0.29375,0,0.74489,0.75954,0,0.045051,0.75954,0.29541,0,48
0.094102,0.73844,0.094102,0.33442,0.51773,0.068453,0.29129,1,0.068453,0.094102,1,0.16239,0.068453,28
0.79433,0.24113,0.79433,0.44326,0,0.77837,0.46099,0.3156,0.77837,0.79433,0.3156,1,0.77837,37
0.84416,0.87013,0.84416,0.37662,1,0.68831,0.93506,0.88312,0.68831,0.84416,0.88312,0.8961,0.68831,13
0.73214,0.10714,0.73214,0.58929,0,0.82143,0.125,0.32143,0.82143,0.73214,0.32143,0.375,0.82143,6
0.18132,0.3022,0.18132,0.2033,0.36813,0.19231,0.46154,0.32418,0.19231,0.18132,0.32418,0.52198,0.19231,24
0.1871,0.096774,0.1871,0.36129,0.13548,0.27742,0.41935,0,0.27742,0.1871,0,0.33548,0.27742,24
0.575,0,0.575,0.15833,0.29167,0.525,0.74167,0.33333,0.525,0.575,0.33333,0.60833,0.525,5
0.08642,1,0.08642,0.098765,0.64198,0,0.20988,0.51852,0,0.08642,0.51852,0.25926,0,18
0.98207,0.40206,0.98207,0.619,0.46616,0.99507,0.67414,0,0.99507,0.98207,0,0.97983,0.99507,35
0.26051,1,0.26051,0.41238,0.90654,0.08528,0.68224,0.91121,0.08528,0.26051,0.91121,0.58294,0.08528,17
0.3141,0.72031,0.3141,0.85239,0.75139,0.48058,0.36293,0.87458,0.48058,0.3141,0.87458,0.40289,0.48058,41
0.28402,0.76618,0.28402,0.45575,0.03963,0.32497,0.26948,0,0.32497,0.28402,0,0.46631,0.32497,31
0.71429,0.50595,0.71429,0.52381,0.47024,0.89286,0.52381,0,0.89286,0.71429,0,0.50595,0.89286,37
0.77049,0.57377,0.77049,0.55738,0.61475,1,0.57377,0,1,0.77049,0,0.55738,1,35
0.98281,0.93233,0.98281,0.96617,0.96455,0.99893,0.942,0,0.99893,0.98281,0,0.971,0.99893,35
0.98803,0.93389,0.98803,0.94898,0.95575,0.98959,0.92192,0,0.98959,0.98803,0,0.96616,0.98959,35
0.41691,0.081633,0.41691,0.59913,0.50875,0.45044,0.35131,0.46939,0.45044,0.41691,0.46939,0.37755,0.45044,1
0.58306,0.20847,0.58306,0.96743,0.52117,0.82085,0.1759,0.27036,0.82085,0.58306,0.27036,0.27036,0.82085,21
0.99453,0.4532,0.99453,0.80077,0.67378,0.98522,0.67707,0.59551,0.98522,0.99453,0.59551,0.44335,0.98522,10
0.0025,0.95577,0.0025,0.030962,0.95192,0.0025,0.031923,1,0.0025,0.0025,1,0,0.0025,28
0.39925,0,0.39925,0.3617,0.87234,0.40175,0.3617,1,0.40175,0.39925,1,0.40426,0.40175,33
0.71875,0,0.71875,0.7625,0.04375,0.925,0.41875,0.1125,0.925,0.71875,0.1125,0.44375,0.925,6
0.37037,0.7284,0.37037,0.54321,0.53086,0.4321,0.33333,0.67901,0.4321,0.37037,0.67901,0.41975,0.4321,9
0.51111,0.71111,0.51111,0.78889,0.72222,0.43333,0.43333,0.81111,0.43333,0.51111,0.81111,0.63333,0.43333,9
0.024096,0.95181,0.024096,0.40964,0.44578,0.43373,0.51807,0.25301,0.43373,0.024096,0.25301,0.54217,0.43373,31
0,1,0,0.19298,0.070175,0.37719,0.48246,0.2807,0.37719,0,0.2807,0.14912,0.37719,31
0.24793,1,0.24793,0.3719,0.38843,0.34711,0.8595,0.32231,0.34711,0.24793,0.32231,0.24793,0.34711,27
0.2451,0.43137,0.2451,0.35784,0.40196,0.28431,0.25,0.38725,0.28431,0.2451,0.38725,0.41176,0.28431,24
0.11613,0.72258,0.11613,0.13548,0.18065,0.25161,0.25806,0.27742,0.25161,0.11613,0.27742,0.56129,0.25161,31
0.63871,0.48387,0.63871,0.32258,0.43226,0.88387,0.3871,0.76129,0.88387,0.63871,0.76129,0.82581,0.88387,23
0.54762,0.27619,0.54762,0.42857,0.59048,0.63333,0.29524,0.64762,0.63333,0.54762,0.64762,0.72381,0.63333,23
0.4,0.45455,0.4,0.46061,0.66061,0.8,0.33333,0.95758,0.8,0.4,0.95758,1,0.8,23
0.51333,0.52,0.51333,0.52,0.56,0.66667,0.31333,0.82,0.66667,0.51333,0.82,0.84,0.66667,23
0.45122,0.45122,0.45122,0.52439,0.59146,0.73171,0.35976,0.7378,0.73171,0.45122,0.7378,0.78659,0.73171,23
0.40654,0.28505,0.40654,0.48131,0.53738,0.80841,0.18224,0.54673,0.80841,0.40654,0.54673,0.7757,0.80841,44
0.59763,0.31361,0.59763,0.56213,0.97041,0.92308,0.29586,0.78107,0.92308,0.59763,0.78107,0.74556,0.92308,25
0.25946,0.47568,0.25946,0.37838,0.86486,0.87568,0.25405,0.88108,0.87568,0.25946,0.88108,0.99459,0.87568,23
0.24828,0.42759,0.24828,0.66207,0.93103,0.86897,0.49655,0.93103,0.86897,0.24828,0.93103,0.75172,0.86897,23
0.03913,0.15217,0.03913,0.21304,0.32609,0.095652,0.16522,0.2913,0.095652,0.03913,0.2913,0.14348,0.095652,3
0.09589,0.65753,0.09589,0.65753,0.82192,0.67123,0.23288,0.39726,0.67123,0.09589,0.39726,0.35616,0.67123,22
0.29143,0.52,0.29143,0.21714,0.49714,0.34857,0.30286,0.58857,0.34857,0.29143,0.58857,0.47429,0.34857,18
0.64064,0.83271,0.64064,0.47336,0.62825,0.46716,0,0.62206,0.46716,0.64064,0.62206,0.38662,0.46716,11
0.78261,0.75362,0.78261,0.81159,0.94203,0.94203,0.75362,0.98551,0.94203,0.78261,0.98551,1,0.94203,30
0.16711,0.16446,0.16711,0.15915,0.03183,0.039788,0.17507,0.023873,0.039788,0.16711,0.023873,0,0.039788,38
0.13636,0.82828,0.13636,0.12626,1,0.15657,0.4697,0.52525,0.15657,0.13636,0.52525,0.40404,0.15657,4
0.25,0.94898,0.25,0.066327,0.92347,0.2449,0.70408,0.63265,0.2449,0.25,0.63265,0.65816,0.2449,4
0.28814,0.74576,0.28814,0.39831,0.80508,0.40678,0.54237,0.77966,0.40678,0.28814,0.77966,0.50847,0.40678,17
0.11667,0.8,0.11667,0.23333,1,0.15,0.35,0.55,0.15,0.11667,0.55,0.15,0.15,4
0.30315,0.39539,0.30315,0.34364,0.25197,0.18391,0.40326,0.18898,0.18391,0.30315,0.18898,0.14398,0.18391,32
0.27562,0.2696,0.27562,0.33592,0.14212,0.10422,0.37382,0.11542,0.10422,0.27562,0.11542,0,0.10422,32
0,0.83141,0,0.13741,0.55427,0.2806,0.27483,0.49654,0.2806,0,0.49654,0.61663,0.2806,18
0,0.27386,0,0.053481,0.18303,0.14846,0.05763,0.15675,0.14846,0,0.15675,0.2462,0.14846,3
0,0.33663,0,0.036304,0.15512,0.15182,0.039604,0.11881,0.15182,0,0.11881,0.17492,0.15182,3
0.50388,0.20413,0.50388,0.76486,0.39793,0.66667,0.48579,0.43411,0.66667,0.50388,0.43411,0.47804,0.66667,7
0.053571,0.26786,0.053571,0.10714,0.26786,0.14286,0.14286,0.21429,0.14286,0.053571,0.21429,0.375,0.14286,3
0.076923,0.92308,0.076923,0.15385,0.92308,0,0,1,0,0.076923,1,0.076923,0,28
0.90462,0.84393,0.90462,0.93064,0.93353,0.98844,0.87861,0.94509,0.98844,0.90462,0.94509,1,0.98844,30
0.41038,0.98585,0.41038,0,0.98585,0.31604,0.66981,0.62736,0.31604,0.41038,0.62736,0.58019,0.31604,4
0.3038,0.71519,0.3038,0.28165,0.78481,0.44937,0.4462,0.40823,0.44937,0.3038,0.40823,0.38608,0.44937,27
0.86364,0.64773,0.86364,0.44318,0.625,0.77273,0.57955,0.45455,0.77273,0.86364,0.45455,0.94318,0.77273,0
0.85714,0.59524,0.85714,0.32143,0.65476,0.79762,0.55952,0.30952,0.79762,0.85714,0.30952,0.97619,0.79762,0
0.41429,0.4,0.41429,0.31429,0.54286,0.64286,0.30714,0.38571,0.64286,0.41429,0.38571,1,0.64286,44
0.5,0.30159,0.5,0.19841,0.53175,0.77778,0.30159,0.24603,0.77778,0.5,0.24603,1,0.77778,44
0.63223,0.20248,0.63223,0.71074,0.43388,0.70248,0.28512,0.30165,0.70248,0.63223,0.30165,0.40496,0.70248,21
0.64286,0.44643,0.64286,0.92857,0.47024,0.78571,0.36905,0.49405,0.78571,0.64286,0.49405,0.34524,0.78571,7
0.94667,0.29,0.94667,0.57667,0.53333,0.93,0.59,0,0.93,0.94667,0,0.80667,0.93,35
0.9152,0.37135,0.9152,0.63158,0,0.90058,0.59064,0.17836,0.90058,0.9152,0.17836,0.74854,0.90058,37
0.83281,0.31861,0.83281,0.58044,0,0.7918,0.49842,0.12303,0.7918,0.83281,0.12303,0.59621,0.7918,37
0.77451,0.31046,0.77451,0.54902,0,0.7451,0.47059,0.094771,0.7451,0.77451,0.094771,0.5098,0.7451,19
0.70463,0.30961,0.70463,0.46263,0.27758,0.67616,0.4306,0.02847,0.67616,0.70463,0.02847,0.39502,0.67616,43
0.67278,0.4526,0.67278,0.39755,0.19878,0.56575,0.55657,0.14067,0.56575,0.67278,0.14067,0.33028,0.56575,43
0.53362,0.8243,0.53362,0.27115,0.53579,0.36443,0.66377,0.1974,0.36443,0.53362,0.1974,0.282,0.36443,27
0.076923,0.92308,0.076923,0.46154,0.84615,0,0.30769,0.92308,0,0.076923,0.92308,0.076923,0,28
0.19753,0.40123,0.19753,0.26543,0.12346,0,0.47531,0.049383,0,0.19753,0.049383,0.20988,0,32
0.028689,0.77459,0.028689,0.11475,0.43443,0.37705,0.028689,0.45492,0.37705,0.028689,0.45492,0.26639,0.37705,18
0.71622,0.47297,0.71622,0.2973,0.66216,1,0.62162,0.37838,1,0.71622,0.37838,0.97297,1,0
0.6625,0.475,0.6625,0.225,0.55,1,0.5875,0.45,1,0.6625,0.45,0.775,1,0
0.6413,0.21739,0.6413,0.16304,0.28261,1,0.41304,0.30435,1,0.6413,0.30435,0.68478,1,40
0.75676,0.58108,0.75676,0.25676,0.74324,1,0.55405,0.5,1,0.75676,0.5,0.90541,1,0
0.5679,0.49383,0.5679,0.20988,0.88889,0.82716,0.54321,0.98765,0.82716,0.5679,0.98765,0.93827,0.82716,23
0.2311,0.41549,0.2311,0.1512,0.77996,0.29318,0.21758,0.50338,0.29318,0.2311,0.50338,0.25691,0.29318,18
0.25832,0.65452,0.25832,0.15452,0.78368,0.32647,0.40016,0.51981,0.32647,0.25832,0.51981,0.51189,0.32647,18
0.28973,0.89622,0.28973,0.30703,1,0.25081,0.92216,0.44216,0.25081,0.28973,0.44216,0.75784,0.25081,4
0.29208,0.60644,0.29208,0.13201,1,0.32673,0.37954,0.55611,0.32673,0.29208,0.55611,0.38449,0.32673,4
0.9438,0.19752,0.9438,0.24463,0.18843,1,0.31983,0.21488,1,0.9438,0.21488,0.72479,1,37
0.81755,0.18158,0.81755,0.19722,0.10947,1,0.37098,0.17202,1,0.81755,0.17202,0.84275,1,37
0.94335,0.36532,0.94335,0.56069,0.080925,0.96647,0.49942,0.20231,0.96647,0.94335,0.20231,1,0.96647,37
0.5731,0.062457,0.5731,0.14207,0,1,0.21345,0.062457,1,0.5731,0.062457,0.4372,1,40
0.86976,0.48565,0.86976,0.30022,0.78035,0.96137,0.40949,0.57064,0.96137,0.86976,0.57064,0.734,0.96137,0
0.80296,0.58867,0.80296,0.24754,0.62315,0.99138,0.55542,0.48645,0.99138,0.80296,0.48645,1,0.99138,0
0.69428,0.66748,0.69428,0.48112,0.5542,0.68697,0.75761,0.34227,0.68697,0.69428,0.34227,0.96468,0.68697,0
0.64646,0.47811,0.64646,0.19865,0.71268,1,0.43098,0.44108,1,0.64646,0.44108,0.60718,1,0
0,0,0,0.73016,0.52958,0,0,0.35354,0,0,0.35354,0,0,29
0.45756,0.31119,0.45756,0.80443,0.623,0.6107,0.34317,0.77798,0.6107,0.45756,0.77798,0.15683,0.6107,14
0.45377,0.32088,0.45377,0.80894,0.62707,0.60686,0.3466,0.79057,0.60686,0.45377,0.79057,0.1537,0.60686,14
0.045131,1,0.045131,0.40855,0.29375,0,0.74505,0.7593,0,0.045131,0.7593,0.29533,0,48
0.85912,0.020785,0.85912,0.59122,0,0.73441,0.25635,0.32102,0.73441,0.85912,0.32102,0.47113,0.73441,19
0.54403,0.28977,0.54403,0.58665,0.088068,0.81534,0.41051,0.19744,0.81534,0.54403,0.19744,0.3267,0.81534,6
0.44209,0.022838,0.44209,0.36786,0.027732,0.79038,0.40212,0.35726,0.79038,0.44209,0.35726,0.46819,0.79038,40
0.30207,0.31638,0.30207,0.44913,0.073132,0.32671,0.44436,0,0.32671,0.30207,0,0.13037,0.32671,24
0.49318,0.24561,0.49318,0.040936,0.44444,0.39864,0.31092,0.44834,0.39864,0.49318,0.44834,0.064327,0.39864,39
0.036036,0.79279,0.036036,0.47748,0.56757,0.081081,0.52252,1,0.081081,0.036036,1,0.27928,0.081081,48
0.65185,0.20741,0.65185,0.60741,0,0.93333,0.24444,0.14074,0.93333,0.65185,0.14074,0.37778,0.93333,6
0.96875,0.15625,0.96875,0.39583,0.10312,0.92708,0.45833,0,0.92708,0.96875,0,0.64583,0.92708,37
0.96955,0,0.96955,0.80233,0.20642,1,0.33224,0.29103,1,0.96955,0.29103,0.47392,1,36
0.7382,0.0077244,0.7382,0.77286,0.1119,0.92025,0.17286,0.20522,0.92025,0.7382,0.20522,0.27495,0.92025,6
0.95058,0.14066,0.95058,0.74575,0.098626,0.93603,0.4308,0.1099,0.93603,0.95058,0.1099,0.44064,0.93603,19
0.40883,0.47409,0.40883,0.76775,0.35125,0.59117,0.3023,0.45873,0.59117,0.40883,0.45873,0.40307,0.59117,7
0.30769,1,0.30769,0.41026,0.9359,0.16667,0.55128,1,0.16667,0.30769,1,0.30769,0.16667,17
0.15584,1,0.15584,0.42857,0.77922,0,0.36364,0.88312,0,0.15584,0.88312,0.27273,0,28
0.33973,0.26488,0.33973,0.4261,0.31862,0.58925,0.45873,0.70058,0.58925,0.33973,0.70058,0.35701,0.58925,14
0.15087,0.090909,0.15087,0.11025,0.19536,0.51257,0.34429,0.54932,0.51257,0.15087,0.54932,0.24952,0.51257,39
0.47105,0.29531,0.47105,0.8122,0.45899,0.5417,0.57271,0.77774,0.5417,0.47105,0.77774,0.43487,0.5417,14
0.60216,0.5649,0.60216,0.74519,0.57572,0.83293,0.59135,0.68389,0.83293,0.60216,0.68389,0.65144,0.83293,7
0.74299,0.4018,0.74299,0.4018,0,0.80135,0.38608,0.73288,0.80135,0.74299,0.73288,0.65881,0.80135,7
0.46716,0.40448,0.46716,0.66567,0.53582,0.68955,0.51343,0.72836,0.68955,0.46716,0.72836,0.51642,0.68955,14
0.22391,0.27135,0.22391,0.15939,0.3074,0.40228,0.62239,0.70588,0.40228,0.22391,0.70588,0.20873,0.40228,39
0.40065,0.41857,0.40065,0.67264,0.56352,1,0.27687,0.93974,1,0.40065,0.93974,0.70033,1,23
0.16033,0.064748,0.16033,0.10483,0.051387,0.043165,0.3556,0.20041,0.043165,0.16033,0.20041,0,0.043165,38
0.49149,0.10964,0.49149,0.7259,0.17958,0.66919,0.19093,0.29112,0.66919,0.49149,0.29112,0.19093,0.66919,21
0.60121,0.32996,0.60121,0.76113,0.36437,0.81377,0.35425,0.50607,0.81377,0.60121,0.50607,0.22065,0.81377,7
0.72826,0.11413,0.72826,0.72826,0,0.79891,0.22826,0.13043,0.79891,0.72826,0.13043,0.39674,0.79891,6
0.6023,0.29358,0.6023,0.67474,0.20722,0.67706,0.3518,0.34564,0.67706,0.6023,0.34564,0.43927,0.67706,7
0.44848,0.31745,0.44848,1,0.63252,0.60036,0.33472,0.76831,0.60036,0.44848,0.76831,0.15664,0.60036,14
0.4178,0.39894,0.4178,1,0.55981,0.56511,0.34473,0.75781,0.56511,0.4178,0.75781,0.14143,0.56511,14
0.72289,0.91446,0.72289,0,0.69157,0.63012,0.40964,1,0.63012,0.72289,1,0.65663,0.63012,13
0.98133,0.45867,0.98133,0.61867,0.46667,0.99467,0.67467,0,0.99467,0.98133,0,0.97867,0.99467,35
0.85776,0.22414,0.85776,0.20259,0.064655,0.63362,0.38362,0,0.63362,0.85776,0,0.59483,0.63362,37
0.34012,0.69186,0.34012,0.2936,0.95058,0.13663,0.63953,1,0.13663,0.34012,1,0.37791,0.13663,17
0.33548,0.89677,0.33548,0.47097,1,0.23226,0.87742,0.70968,0.23226,0.33548,0.70968,0.66452,0.23226,17
0.093985,0.54511,0.093985,0.47744,1,0.12782,0.40602,0.81579,0.12782,0.093985,0.81579,0.21053,0.12782,46
0.053571,0.46429,0.053571,0.45714,0.70357,0.12857,0.35,1,0.12857,0.053571,1,0.18929,0.12857,46
0.96949,0.51525,0.96949,0.90169,0.48644,0.98475,0.85763,0,0.98475,0.96949,0,0.94576,0.98475,35
0.88509,0.43276,0.88509,0.68215,0.061125,0.99756,0.49389,0.17604,0.99756,0.88509,0.17604,0.66015,0.99756,37
0.825,0.028,0.825,0.88,0.283,0.943,0.45,0,0.943,0.825,0,0.616,0.943,6
0.65714,0.057143,0.65714,0.6,0,0.6,0.34286,0.25714,0.6,0.65714,0.25714,0.51429,0.6,43
0.83439,0.015803,0.83439,0.56068,0,0.69343,0.40076,0.36283,0.69343,0.83439,0.36283,0.49558,0.69343,19
0.68011,0,0.68011,0.92642,0.19704,0.7774,0.31435,0.22352,0.7774,0.68011,0.22352,0.27586,0.7774,6
0.88631,0,0.88631,0.72218,0.0048038,1,0.13531,0.51481,1,0.88631,0.51481,0.3779,1,36
0.86879,0,0.86879,0.70567,0.10284,1,0.20922,0.48936,1,0.86879,0.48936,0.36879,1,36
0.89232,0,0.89232,0.79435,0.012357,0.9744,0.37246,0.45013,0.9744,0.89232,0.45013,0.47661,0.9744,36
0.86463,0.001719,0.86463,0.83928,0,0.93683,0.30468,0.34508,0.93683,0.86463,0.34508,0.45423,0.93683,36
0.90714,0,0.90714,0.77143,0.027381,1,0.27857,0.48214,1,0.90714,0.48214,0.44643,1,36
0.098807,1,0.098807,0.2243,0.93015,0,0.72118,0.56843,0,0.098807,0.56843,0.5707,0,4
0.28788,0.91212,0.28788,0.42727,1,0,0.7697,0.82727,0,0.28788,0.82727,0.68788,0,17
0.27778,0.90741,0.27778,0.42593,1,0,0.75926,0.81481,0,0.27778,0.81481,0.68519,0,17
0.12857,0.78571,0.12857,0.21429,1,0,0.55714,0.67143,0,0.12857,0.67143,0.5,0,4
0.12676,0.80282,0.12676,0.12676,1,0.014085,0.57746,0.6338,0.014085,0.12676,0.6338,0.47887,0.014085,4
0.15873,0.8254,0.15873,0.15873,1,0.015873,0.60317,0.65079,0.015873,0.15873,0.65079,0.49206,0.015873,4
0.06875,0.80625,0.06875,0.275,0.78125,0.05625,0.15625,1,0.05625,0.06875,1,0.13125,0.05625,28
0.25605,0.74597,0.25605,0.50706,1,0.1371,0.6875,0.82157,0.1371,0.25605,0.82157,0.5877,0.1371,17
0.3,0.4,0.3,0.8,0.5,0.4,0.3,0.7,0.4,0.3,0.7,0.1,0.4,1
0.25,0.33333,0.25,0.75,0.41667,0.33333,0.25,0.58333,0.33333,0.25,0.58333,0.083333,0.33333,1
0.25,0.33333,0.25,0.75,0.41667,0.33333,0.25,0.5,0.33333,0.25,0.5,0.083333,0.33333,1
0.28571,0.42857,0.28571,0.85714,0.42857,0.42857,0.28571,0.71429,0.42857,0.28571,0.71429,0,0.42857,1
0.29279,0.46577,0.29279,0.8,0.63063,0.45045,0.29279,0.73153,0.45045,0.29279,0.73153,0.09009,0.45045,1
0.11111,0.33333,0.11111,0.66667,0.55556,0.33333,0.11111,0.66667,0.33333,0.11111,0.66667,0.11111,0.33333,1
0.28571,0.42857,0.28571,0.92857,0.64286,0.42857,0.28571,0.85714,0.42857,0.28571,0.85714,0.071429,0.42857,1
0.68744,0.73327,0.68744,0.91659,0.76398,0.73327,0.68744,0.68744,0.73327,0.68744,0.68744,0.4583,0.73327,8
0.66851,0.77698,0.66851,0.86647,0.6978,0.74264,0.66851,0.84163,0.74264,0.66851,0.84163,0.13467,0.74264,8
0.32714,0.29301,0.32714,0.20904,0.43323,0.21778,0.32714,0.2754,0.21778,0.32714,0.2754,0.86346,0.21778,24
0.69236,0.73852,0.69236,1,0.69236,0.73852,0.69236,0.80775,0.73852,0.69236,0.80775,0.23079,0.73852,8
0.84825,0.47314,0.84825,0.081335,0.31168,0.55266,0.84825,0,0.55266,0.84825,0,0.69651,0.55266,37
0.21739,0.47826,0.21739,0.73913,0.47826,0.47826,0.21739,0.78261,0.47826,0.21739,0.78261,0.21739,0.47826,1
0.2505,0.46164,0.2505,0.86888,0.7515,0.43301,0.31849,1,0.43301,0.2505,1,0.089465,0.43301,41
0.26316,0.57895,0.26316,1,0.89474,0.57895,0.36842,1,0.57895,0.26316,1,0.26316,0.57895,41
0.1875,0.4375,0.1875,1,0.78125,0.375,0.25,1,0.375,0.1875,1,0,0.375,41
0.2788,0.44262,0.2788,0.80328,0.4918,0.37705,0.32787,0.62295,0.37705,0.2788,0.62295,0.081967,0.37705,1
0.42882,0.56604,0.42882,0.46655,0.45798,0.42882,0.3259,0.25729,0.42882,0.42882,0.25729,0.42882,0.42882,27
0.69832,0.88868,0.69832,0.87299,0.64652,0.74026,0.69089,0.67134,0.74026,0.69832,0.67134,0.20539,0.74026,8
0.95246,0.95246,0.95246,0.73614,0.91212,0.95246,0,0.95246,0.95246,0.95246,0.95246,0.95246,0.95246,30
0.54455,0.68317,0.54455,0.86356,0.6601,0.60396,0.54455,0.7096,0.60396,0.54455,0.7096,0.24752,0.60396,8
0.5,0.24742,0.5,0.13325,0.11433,0.25942,0.5,0.35,0.25942,0.5,0.35,0,0.25942,39
